timestamp,label,temp1,hum1,pres1,gas1_0,temp2,hum2,pres2,gas2_0,delta_temp,delta_hum,delta_pres,delta_gas,pred_class,pred_conf,anomaly_score,iaq
26107,Berry Burst,22.94,66.43,976.33,830326,22.29,64.74,975.1,1634803,0.65,1.69,1.22,-804477,0,0,0,9
30403,Berry Burst,24.03,63.77,976.37,826306,23.34,62.36,975.18,1598439,0.68,1.41,1.19,-388460,0,0,0,9
34719,Berry Burst,24.01,67.35,976.42,794106,23.58,65.37,975.24,1592845,0.44,1.98,1.18,-401934,0,0,0,9
39024,Berry Burst,23.57,63.17,976.38,823813,23.42,61.38,975.19,1594705,0.16,1.79,1.19,-770892,0,0,0,9
43338,Berry Burst,23.95,59.8,976.32,817402,23.73,57.31,975.15,1575385,0.23,2.49,1.18,-381414,0,0,0,9
47585,Berry Burst,24.19,59.53,976.28,821336,24.01,56.11,975.11,1559193,0.19,3.42,1.16,-371277,0,0,0,9
51885,Berry Burst,24.97,63.71,976.4,793645,24.72,60.78,975.18,1546828,0.26,2.94,1.23,-379108,0,0,0,9
56129,Berry Burst,26.18,62.01,976.48,778263,25.6,57.99,975.28,1475504,0.58,4.02,1.2,-351251,0,0,0,9
60385,Berry Burst,26.4,61.31,976.48,766037,25.85,57.11,975.31,1477101,0.55,4.19,1.16,-358096,0,0,0,9
64681,Berry Burst,26.74,66.66,976.46,740152,26.44,62.61,975.34,1451967,0.29,4.04,1.12,-358590,0,0,0,9
68987,Berry Burst,26.67,59.59,976.47,773852,26.34,57.19,975.27,1447350,0.34,2.4,1.2,-673498,0,0,0,9
73234,Berry Burst,26.98,59.72,976.51,760490,26.61,57.11,975.05,1445817,0.37,2.61,1.46,-345285,0,0,0,9
77542,Berry Burst,27.33,65.14,976.56,732999,27.05,61.8,975.23,1427675,0.28,3.34,1.33,-349917,0,0,0,9
81788,Berry Burst,26.98,65.7,976.55,736161,26.87,64.02,975.33,1433672,0.12,1.68,1.22,-351454,0,0,0,9
86044,Berry Burst,26.86,66.58,976.53,729865,26.74,64.99,975.33,1436689,0.13,1.59,1.2,-356041,0,0,0,9
90341,Berry Burst,26.54,66.47,976.5,741760,26.49,62,975.34,1444288,0.05,4.47,1.16,-354039,0,0,0,9
94599,Berry Burst,26.73,60.28,976.47,760067,26.34,55.45,975.27,1448886,0.39,4.83,1.21,-347022,0,0,0,9
98845,Berry Burst,26.84,57.06,976.47,767760,26.52,52.23,975.23,1441239,0.32,4.83,1.24,-339318,0,0,0,9
103101,Berry Burst,26.18,53.27,976.34,792723,26.18,49.65,975.23,1455062,0,3.62,1.1,-333636,0,0,0,9
107398,Berry Burst,25.93,50.17,976.34,799688,25.91,47.82,975.11,1462857,0.01,2.35,1.23,-333947,0,0,0,9
111656,Berry Burst,26.41,49.51,976.31,798285,26.22,47.41,975.13,1461292,0.19,2.1,1.18,-333959,0,0,0,9
115902,Berry Burst,26.37,48.52,976.3,808208,26.29,46.99,975.14,1462857,0.08,1.53,1.16,-329674,0,0,0,9
120208,Berry Burst,26.04,47.67,976.31,823317,26.04,46.46,975.14,1464426,0,1.22,1.17,-322849,0,0,0,9
124455,Berry Burst,26.18,53.47,976.37,800156,26.17,52.5,975.2,1464426,0.01,0.98,1.17,-334457,0,0,0,9
128711,Berry Burst,26.75,61.69,976.39,763040,26.51,61.66,975.15,1453513,0.24,0.02,1.24,-347674,0,0,0,9
133008,Berry Burst,26.82,66.29,976.4,741760,26.82,63.88,974.95,1445817,0,2.42,1.45,-354615,0,0,0,9
137316,Berry Burst,26.71,59.3,976.38,780042,26.78,56.59,974.96,1447350,-0.07,2.71,1.42,-667308,0,0,0,9
141562,Berry Burst,26.72,60.88,976.4,772539,26.79,58.49,975.33,1451967,-0.08,2.39,1.07,-342287,0,0,0,9
145868,Berry Burst,26.75,63.1,976.38,769491,26.78,60.85,975.25,1442762,-0.03,2.24,1.13,-339255,0,0,0,9
150115,Berry Burst,26.97,65.26,976.37,762188,26.99,64.79,975.27,1445817,-0.02,0.47,1.1,-344354,0,0,0,9
154373,Berry Burst,27.42,66.11,976.46,736956,27.15,64.04,975.26,1433672,0.26,2.07,1.19,-350950,0,0,0,9
158620,Berry Burst,27.71,67.22,976.48,729865,27.65,65.56,975.09,1420250,0.06,1.66,1.39,-347826,0,0,0,9
162926,Berry Burst,27.24,57.88,976.45,771230,27.19,56.2,975.29,1430667,0.05,1.68,1.16,-332209,0,0,0,9
167172,Berry Burst,27.02,53.18,976.34,787238,27.04,51.3,975.12,1427675,-0.02,1.88,1.22,-322606,0,0,0,9
171429,Berry Burst,26.92,51.2,976.29,801566,26.84,48.74,975.12,1439719,0.08,2.46,1.17,-321475,0,0,0,9
175675,Berry Burst,27.15,54.53,976.36,788147,27.02,49.39,975.2,1436689,0.13,5.14,1.16,-326531,0,0,0,9
179933,Berry Burst,27.12,53.52,976.37,805348,27.03,49.37,974.73,1439719,0.08,4.15,1.63,-319401,0,0,0,9
184230,Berry Burst,26.99,51.02,976.36,812054,26.92,48.17,974.95,1445817,0.07,2.85,1.41,-319065,0,0,0,9
188486,Berry Burst,27.36,60.69,976.41,766898,27.25,58.33,974.8,1445817,0.11,2.37,1.61,-678920,0,0,0,9
192732,Berry Burst,27.64,65.07,976.42,761763,27.35,59.84,975.23,1444288,0.29,5.23,1.19,-343749,0,0,0,9
196990,Berry Burst,27.13,56.14,976.34,794106,27.12,52.67,975.16,1441239,0.01,3.47,1.18,-326045,0,0,0,9
201286,Berry Burst,27.29,51.91,976.37,801095,27.18,49.18,975.21,1448886,0.1,2.73,1.17,-326130,0,0,0,9
205543,Berry Burst,27.07,48.51,976.32,816424,27.07,46.86,975.15,1444288,0,1.66,1.17,-627864,0,0,0,9
209789,Berry Burst,27.62,48.31,976.43,808208,27.36,46,975.31,1444288,0.26,2.31,1.12,-636079,0,0,0,9
214047,Berry Burst,27.56,47.76,976.39,809646,27.38,45.71,974.8,1435179,0.17,2.05,1.6,-314861,0,0,0,9
218294,Berry Burst,27.68,58.97,976.35,766467,27.6,57.34,974.99,1433672,0.07,1.64,1.37,-335920,0,0,0,9
222600,Berry Burst,27.19,65.02,976.27,776052,27.25,63.78,975.12,1439719,-0.06,1.24,1.15,-334199,0,0,0,9
226846,Berry Burst,27.48,58.94,976.31,792263,27.29,56.87,975.17,1444288,0.19,2.07,1.14,-328286,0,0,0,9
231152,Berry Burst,27.11,55.37,976.31,807730,27.08,52.65,975.18,1444288,0.03,2.72,1.14,-320478,0,0,0,9
235449,Berry Burst,26.85,50.57,976.3,829822,26.95,48.62,974.91,1462857,-0.1,1.95,1.38,-318704,0,0,0,9
239757,Berry Burst,27.58,55.9,976.39,805823,27.4,52.44,974.93,1442762,0.17,3.46,1.46,-636938,0,0,0,9
244003,Berry Burst,27.38,52.98,976.39,825307,27.28,49.73,975.16,1451967,0.1,3.26,1.23,-315410,0,0,0,9
248310,Berry Burst,27.44,56.49,976.36,810608,27.32,52.62,975.21,1455062,0.13,3.87,1.15,-324351,0,0,0,9
252556,Berry Burst,27.57,60.47,976.37,799220,27.44,56.97,975.1,1453513,0.13,3.5,1.27,-329346,0,0,0,9
256864,Berry Burst,27.53,66.54,976.31,762614,27.46,62.73,974.68,1456614,0.07,3.81,1.63,-349452,0,0,0,9
261161,Berry Burst,27.15,65.49,976.3,780488,27.29,62.03,974.88,1459729,-0.14,3.46,1.42,-342122,0,0,0,9
265417,Berry Burst,27.2,59.21,976.29,798752,27.13,56.7,975.1,1462857,0.07,2.51,1.2,-664105,0,0,0,9
269714,Berry Burst,27.3,57.39,976.3,800156,27.26,55.34,974.86,1455062,0.04,2.05,1.44,-329707,0,0,0,9
274022,Berry Burst,27.28,58.05,976.28,810608,27.28,55.22,974.83,1458170,0,2.83,1.44,-325974,0,0,0,9
278268,Berry Burst,27.14,59.24,976.28,808208,27.09,56.25,975.1,1455062,0.05,2.99,1.18,-325704,0,0,0,9
282574,Berry Burst,27.41,64.41,976.3,776052,27.32,61.41,974.68,1459729,0.09,3,1.62,-344315,0,0,0,9
286821,Berry Burst,27.28,65.89,976.29,783624,27.23,61.83,975.13,1462857,0.04,4.06,1.16,-342023,0,0,0,9
291077,Berry Burst,27.23,58.81,976.3,812537,27.15,55.17,975.09,1462857,0.08,3.64,1.21,-327490,0,0,0,9
295374,Berry Burst,27.37,56.42,976.31,810127,27.27,53.67,975.11,1458170,0.1,2.75,1.2,-326267,0,0,0,9
299682,Berry Burst,27.37,58.01,976.3,813505,27.29,54.3,974.84,1461292,0.08,3.72,1.46,-326105,0,0,0,9
303928,Berry Burst,27.78,62.79,976.37,792723,27.67,56.6,974.9,1448886,0.11,6.18,1.47,-330333,0,0,0,9
308185,Berry Burst,27.83,62.08,976.32,798285,27.77,57.74,974.76,1442762,0.07,4.35,1.56,-324375,0,0,0,9
312431,Berry Burst,28.06,65.52,976.4,777377,27.97,61.06,974.95,1439719,0.09,4.46,1.45,-333487,0,0,0,9
316739,Berry Burst,27.88,62.91,976.32,791804,27.9,58.13,974.75,1439719,-0.03,4.78,1.57,-326176,0,0,0,9
321036,Berry Burst,28.15,59.37,976.4,799220,28.01,54.07,975.28,1438202,0.14,5.3,1.12,-321601,0,0,0,9
325292,Berry Burst,27.96,55.21,976.38,820842,27.94,51.18,974.93,1445817,0.02,4.03,1.45,-624975,0,0,0,9
329539,Berry Burst,27.97,52.88,976.37,829318,27.81,48.07,974.89,1448886,0.16,4.81,1.47,-619568,0,0,0,9
333847,Berry Burst,27.92,48.75,976.35,837971,27.85,45.63,974.73,1448886,0.07,3.11,1.62,-307363,0,0,0,9
338093,Berry Burst,27.72,47.16,976.39,851028,27.67,45.2,975.28,1459729,0.05,1.96,1.11,-306248,0,0,0,9
342399,Berry Burst,28.48,50.41,976.35,812537,28.12,48.29,974.83,1439719,0.36,2.12,1.52,-315469,0,0,0,9
410691, thoroughly minted infusion,24.22,57.58,976.06,928588,24.11,57.84,974.93,1711659,0.11,-0.26,1.13,-393341,0,0,0,9
414948, thoroughly minted infusion,25.23,72.08,976.18,823317,25.07,71.91,975.03,1653613,0.17,0.17,1.15,-417738,0,0,0,8
419194, thoroughly minted infusion,25.58,71.64,976.2,839000,25.34,68.2,975.05,1640697,0.24,3.44,1.15,-403429,0,0,0,8
423452, thoroughly minted infusion,27.18,68.64,976.27,795494,25.76,62.48,975.08,1618333,1.42,6.16,1.19,-413950,0,0,0,8
427699, thoroughly minted infusion,27.56,66.81,976.32,810608,26.47,58.76,975.11,1597504,1.08,8.04,1.21,-395896,0,0,0,9
432005, thoroughly minted infusion,27.83,65.04,976.39,813021,26.94,55.65,974.75,1572663,0.89,9.39,1.64,-382342,0,0,0,9
436251, thoroughly minted infusion,27.69,59.84,976.32,825806,26.93,52.79,975.09,1574476,0.76,7.05,1.23,-376812,0,0,0,9
440559, thoroughly minted infusion,27.55,66.94,976.37,805823,27.06,58.32,974.74,1577204,0.49,8.62,1.63,-388250,0,0,0,9
444806, thoroughly minted infusion,26.74,57.61,976.26,854223,26.53,52.41,975.15,1596570,0.21,5.2,1.11,-373678,0,0,0,9
449062, thoroughly minted infusion,27.14,52.92,976.23,858520,26.57,49.3,975.11,1594705,0.58,3.63,1.11,-370401,0,0,0,9
453359, thoroughly minted infusion,27.11,49.97,976.21,872232,26.63,47.46,974.99,1595637,0.48,2.52,1.21,-363882,0,0,0,9
457667, thoroughly minted infusion,26.6,47.65,976.09,898640,26.33,46.11,974.93,1608798,0.27,1.53,1.16,-710158,0,0,0,9
461963, thoroughly minted infusion,28.65,54.86,976.23,832351,27.32,49.97,975.17,1572663,1.33,4.89,1.06,-372285,0,0,0,9
466270, thoroughly minted infusion,28.43,54.33,976.32,856366,27.67,49.67,974.73,1545952,0.77,4.66,1.59,-346842,0,0,0,9
470516, thoroughly minted infusion,27.28,49.32,976.21,890435,27.04,46.45,974.84,1580857,0.24,2.87,1.37,-347211,0,0,0,9
474772, thoroughly minted infusion,27.78,48.69,976.23,881239,27.19,46.6,974.68,1579942,0.58,2.09,1.56,-351246,0,0,0,9
479069, thoroughly minted infusion,28.34,48.33,976.22,888118,27.56,46.32,974.82,1560976,0.78,2,1.4,-338179,0,0,0,9
483377, thoroughly minted infusion,27.31,45.75,976.11,914898,27.05,44.74,974.94,1586367,0.26,1.01,1.16,-337523,0,0,0,9
487623, thoroughly minted infusion,27.97,48.73,976.18,890435,27.28,46.06,974.95,1583607,0.69,2.66,1.23,-348411,0,0,0,9
491929, thoroughly minted infusion,28.39,53.57,976.23,863953,27.6,48.49,974.68,1571758,0.79,5.08,1.55,-355792,0,0,0,9
496176, thoroughly minted infusion,28.74,61.97,976.25,825307,27.82,52.07,974.84,1560976,0.92,9.9,1.41,-369896,0,0,0,9
500435, thoroughly minted infusion,28.57,59.18,976.24,851028,27.87,49.7,974.63,1565450,0.69,9.48,1.61,-359244,0,0,0,9
504681, thoroughly minted infusion,29.48,71.07,976.44,748264,28.31,58.33,974.84,1550341,1.17,12.73,1.6,-403551,0,0,0,8
508938, thoroughly minted infusion,28.96,60.45,976.36,815936,28.25,51.33,975.19,1544204,0.71,9.12,1.17,-366492,0,0,0,9
513184, thoroughly minted infusion,28.05,52.89,976.27,841586,27.65,47.3,974.87,1567247,0.41,5.59,1.4,-365157,0,0,0,9
517442, thoroughly minted infusion,28.98,59.13,975.89,810127,27.91,49.67,974.65,1561868,1.07,9.45,1.24,-378180,0,0,0,9
521739, thoroughly minted infusion,29.87,68.52,975.99,735368,28.59,58.57,974.92,1536384,1.28,9.94,1.06,-403072,0,0,0,8
525995, thoroughly minted infusion,29.73,75.64,975.99,710864,28.64,64.64,974.92,1540718,1.1,11,1.07,-829854,0,0,0,8
530292, thoroughly minted infusion,28.4,62.34,976.32,793645,28.03,54.62,974.9,1558303,0.38,7.72,1.42,-764659,0,0,0,9
534548, thoroughly minted infusion,27.83,53.61,976.28,821830,27.58,48.56,974.91,1581772,0.25,5.05,1.37,-382585,0,0,0,9
538845, thoroughly minted infusion,28.64,66.71,976.37,747445,28,58.59,975.19,1569048,0.64,8.12,1.18,-413588,0,0,0,9
543103, thoroughly minted infusion,29.11,70.08,976,727531,28.33,60.77,974.97,1552103,0.78,9.31,1.03,-824572,0,0,0,8
547400, thoroughly minted infusion,30.18,81.65,975.98,642611,28.8,74.24,974.98,1532934,1.38,7.41,1,-890324,0,0,0,7
551656, thoroughly minted infusion,30.73,75.05,976.27,661926,29.28,63.2,974.99,1515914,1.46,11.85,1.28,-430423,0,0,0,8
555953, thoroughly minted infusion,30.42,69.82,975.95,683122,29.29,58.53,974.97,1504223,1.12,11.29,0.98,-413806,0,0,0,8
560211, thoroughly minted infusion,30.45,70.2,976.55,681078,29.29,57.47,974.94,1502568,1.15,12.74,1.61,-414075,0,0,0,8
564507, thoroughly minted infusion,29.48,65.49,976.36,715334,28.88,55.37,974.93,1520980,0.6,10.12,1.43,-405977,0,0,0,9
568764, thoroughly minted infusion,28.54,55.78,976.31,760490,28.23,49.08,974.66,1557414,0.31,6.7,1.65,-796924,0,0,0,9
573060, thoroughly minted infusion,28.67,52.45,976.02,763040,28.06,46.66,975.04,1557414,0.61,5.79,0.98,-794374,0,0,0,9
577369, thoroughly minted infusion,29.17,64.38,976.3,722909,28.41,57.21,974.79,1548582,0.76,7.17,1.51,-415792,0,0,0,9
581665, thoroughly minted infusion,29.67,74.77,976,677697,28.65,65.12,974.98,1537249,1.02,9.65,1.01,-433133,0,0,0,8
585922, thoroughly minted infusion,29.72,72.24,975.86,684492,28.93,64.68,974.67,1532074,0.79,7.55,1.19,-847582,0,0,0,8
590218, thoroughly minted infusion,28.61,66.37,976.29,722144,28.24,60.17,974.84,1560976,0.37,6.2,1.45,-838832,0,0,0,9
594525, thoroughly minted infusion,29.47,65.53,976.28,690027,28.3,58.08,974.72,1553870,1.17,7.44,1.56,-435200,0,0,0,9
598771, thoroughly minted infusion,29.55,72.81,976.15,673020,28.43,59.14,975.08,1547704,1.12,13.67,1.07,-440749,0,0,0,8
603080, thoroughly minted infusion,30.2,77.32,975.96,640200,28.99,66.32,974.75,1527788,1.21,11,1.21,-447405,0,0,0,8
607326, thoroughly minted infusion,30.53,75.09,976.1,630736,29.21,67.46,975.03,1515073,1.32,7.63,1.07,-445826,0,0,0,8
611632, thoroughly minted infusion,30.36,70.7,976.07,645649,29.06,59.15,974.86,1514233,1.3,11.55,1.21,-438035,0,0,0,8
615879, thoroughly minted infusion,30.22,57.31,976.45,671035,29.12,50.45,974.98,1507545,1.1,6.86,1.46,-421788,0,0,0,9
620137, thoroughly minted infusion,30.66,72.3,975.97,629573,29.29,60.52,974.71,1506713,1.37,11.78,1.25,-442337,0,0,0,8
624384, thoroughly minted infusion,31.46,76.92,976.08,597085,29.88,63.53,975.03,1458170,1.58,13.39,1.05,-434630,0,0,0,7
628640, thoroughly minted infusion,31.29,71.41,976.05,619855,29.97,59.9,974.84,1455062,1.32,11.5,1.22,-421549,0,0,0,8
632936, thoroughly minted infusion,30.06,57.96,976.01,669062,29.42,51.03,975.01,1472322,0.64,6.92,1,-405391,0,0,0,9
637243, thoroughly minted infusion,29.78,55.96,976.01,678370,28.97,49.39,974.83,1515073,0.81,6.58,1.18,-421932,0,0,0,9
641489, thoroughly minted infusion,29.73,52.41,976.1,692126,28.94,47.1,975.17,1519288,0.79,5.3,0.93,-417077,0,0,0,9
645797, thoroughly minted infusion,29.59,49.31,976.05,704991,28.82,45.25,974.78,1529500,0.77,4.06,1.27,-415496,0,0,0,9
650044, thoroughly minted infusion,29.05,48.73,976.52,727531,28.43,44.82,974.97,1540718,0.62,3.91,1.55,-409818,0,0,0,9
654351, thoroughly minted infusion,28.4,49.76,976.34,739350,28.14,46.09,974.77,1560084,0.26,3.67,1.57,-413487,0,0,0,9
658597, thoroughly minted infusion,28.1,50.44,975.88,766467,27.76,46.6,975.11,1582689,0.35,3.84,0.77,-411293,0,0,0,9
662905, thoroughly minted infusion,29.56,60.53,976.48,676354,28.56,56.85,974.7,1546828,1,3.68,1.78,-438525,0,0,0,9
667202, thoroughly minted infusion,28.71,71.32,976.39,673684,28.34,69.17,975.11,1561868,0.38,2.15,1.27,-447701,0,0,0,8
671458, thoroughly minted infusion,28.12,59.77,976.21,722909,27.85,56.76,974.86,1576294,0.27,3,1.36,-853385,0,0,0,9
675705, thoroughly minted infusion,28.41,53.1,975.77,732213,27.78,50.07,975.01,1575385,0.63,3.02,0.76,-843172,0,0,0,9
679963, thoroughly minted infusion,28.03,49.1,976.22,745812,27.71,46.77,974.61,1584526,0.32,2.33,1.61,-422600,0,0,0,9
684210, thoroughly minted infusion,28.36,65.59,976.37,700650,27.84,59.98,975.22,1587289,0.52,5.61,1.14,-446878,0,0,0,9
688466, thoroughly minted infusion,28.59,67.43,976.39,703538,27.82,56.77,974.75,1584526,0.77,10.66,1.64,-443968,0,0,0,9
692762, thoroughly minted infusion,29.17,75.41,976.52,656200,28.12,62.56,975.05,1574476,1.05,12.85,1.46,-462882,0,0,0,8
697069, thoroughly minted infusion,28.92,77.31,976.08,651192,28.22,66.12,974.88,1567247,0.7,11.18,1.2,-916055,0,0,0,8
701315, thoroughly minted infusion,28.69,70.59,976.41,675685,27.95,58.66,975.09,1576294,0.75,11.93,1.32,-454138,0,0,0,8
705624, thoroughly minted infusion,28.81,70.1,976.37,672357,27.89,54.61,974.68,1579942,0.93,15.49,1.69,-457599,0,0,0,8
709870, thoroughly minted infusion,28.96,72.36,976.41,670376,28.06,54.01,974.94,1575385,0.9,18.35,1.47,-456274,0,0,0,8
714176, thoroughly minted infusion,29.04,72.18,976.04,671696,28.17,57.35,974.8,1574476,0.87,14.84,1.24,-455177,0,0,0,8
756999, pure camomile,24.53,69.7,976.3,821830,24.58,65.47,975.1,1786696,-0.05,4.24,1.2,-485843,0,0,0,8
761257, pure camomile,25.09,66.51,976.33,836430,24.82,61.46,975.11,1782032,0.26,5.05,1.22,-476112,0,0,0,9
765553, pure camomile,26.01,76.02,976.37,729865,25.31,71.34,975.18,1756809,0.7,4.68,1.19,-517232,0,0,0,8
769860, pure camomile,25.79,76.37,976.36,740955,25.2,67.45,975.11,1765898,0.59,8.92,1.24,-516329,0,0,0,8
774106, pure camomile,25.9,74.02,976.36,745812,25.1,60.78,975.11,1765898,0.8,13.24,1.25,-513900,0,0,0,8
778413, pure camomile,25.53,74.23,976.33,767760,25.15,63.5,975.11,1765898,0.38,10.73,1.22,-502876,0,0,0,8
782659, pure camomile,25.06,66.05,976.34,806299,24.78,57.82,975.09,1778550,0.28,8.23,1.25,-489738,0,0,0,9
786967, pure camomile,24.55,60.33,976.31,837457,24.52,53.8,975.1,1790210,0.03,6.53,1.2,-479827,0,0,0,9
791214, pure camomile,24.33,56.17,976.24,860143,24.23,51.25,975.06,1805598,0.1,4.92,1.18,-475943,0,0,0,9
795520, pure camomile,23.92,53.66,976.17,886388,24,49.94,975,1823686,-0.08,3.71,1.17,-471956,0,0,0,9
799817, pure camomile,23.77,52.48,976.1,901012,23.8,49.42,974.94,1837183,-0.02,3.06,1.16,-471053,0,0,0,9
804075, pure camomile,23.65,51.74,976.16,915512,23.73,49.16,975,1844630,-0.07,2.58,1.16,-467456,0,0,0,9
808372, pure camomile,24.85,58.07,976.25,836943,24.06,53.14,975.07,1826126,0.79,4.93,1.18,-497675,0,0,0,9
812628, pure camomile,25.99,75.59,976.45,741760,24.9,65.69,975.13,1796097,1.09,9.9,1.32,-530918,0,0,0,8
816925, pure camomile,26.12,79.95,976.47,720619,25.2,68.41,975.26,1792560,0.92,11.54,1.21,-539989,0,0,0,8
821183, pure camomile,25.84,76.69,976.37,746628,25.27,63.27,975.1,1790210,0.57,13.42,1.28,-525809,0,0,0,8
825430, pure camomile,25.38,66.17,976.22,799688,25.01,55.55,975.01,1793738,0.37,10.63,1.21,-500848,0,0,0,9
829686, pure camomile,25.26,60.03,976.26,818872,24.84,51.64,975.01,1815200,0.42,8.39,1.25,-501777,0,0,0,9
833982, pure camomile,25.71,64.7,976.25,795494,25,52.54,975.01,1807989,0.71,12.15,1.24,-509905,0,0,0,9
838239, pure camomile,26.05,73.82,976.28,760914,25.26,59.23,975.03,1787866,0.79,14.58,1.24,-1026952,0,0,0,8
842486, pure camomile,25.83,69.77,976.33,792263,25.22,56.65,975.08,1791384,0.61,13.12,1.25,-503361,0,0,0,8
846744, pure camomile,26.11,68.45,976.37,786331,25.42,54.99,975.15,1779709,0.69,13.47,1.22,-500407,0,0,0,8
851041, pure camomile,26.51,78.5,976.45,716836,25.71,68.37,975.23,1779709,0.8,10.13,1.21,-535642,0,0,0,8
855297, pure camomile,25.94,72.63,976.42,770359,25.49,62.16,975.17,1784361,0.45,10.47,1.25,-1014002,0,0,0,8
859594, pure camomile,25.74,64.25,976.35,793645,25.39,56.44,975.09,1784361,0.35,7.81,1.26,-499300,0,0,0,9
863852, pure camomile,25.7,64.83,976.34,806776,25.37,55.99,975.09,1793738,0.33,8.84,1.25,-497321,0,0,0,9
868149, pure camomile,25.65,67.46,976.4,799220,25.32,59.13,975.16,1802024,0.33,8.33,1.24,-505147,0,0,0,9
872405, pure camomile,26.2,74.19,976.31,746628,25.56,67.45,975.12,1773928,0.65,6.74,1.2,-1027300,0,0,0,8
876702, pure camomile,26.58,79.81,976.39,716836,25.9,72.07,975.12,1764757,0.68,7.73,1.27,-528138,0,0,0,8
880960, pure camomile,25.96,68.86,976.44,783174,25.6,61.09,975.2,1784361,0.35,7.77,1.24,-504591,0,0,0,8
885256, pure camomile,25.9,66.89,976.42,793184,25.52,59.02,975.17,1793738,0.37,7.87,1.25,-504171,0,0,0,9
889563, pure camomile,25.49,63.98,976.3,814962,25.29,55.63,975.07,1807989,0.2,8.36,1.24,-993027,0,0,0,9
893859, pure camomile,25.57,59.94,976.3,824809,25.16,52.49,975.07,1811588,0.41,7.45,1.23,-497075,0,0,0,9
898166, pure camomile,26.22,71.32,976.35,768624,25.44,60.94,975.12,1786696,0.78,10.37,1.23,-512947,0,0,0,8
902412, pure camomile,25.81,71.01,976.42,789971,25.39,59.1,975.16,1793738,0.42,11.91,1.26,-505740,0,0,0,8
906721, pure camomile,25.41,65.65,976.39,822325,25.22,56.43,975.18,1815200,0.2,9.22,1.21,-500267,0,0,0,9
910967, pure camomile,24.8,62.83,976.28,851028,24.82,56.27,975.07,1829797,-0.02,6.56,1.21,-492990,0,0,0,9
915224, pure camomile,24.76,60.71,976.24,867797,24.62,54.55,975.04,1838420,0.14,6.16,1.2,-488790,0,0,0,9
919520, pure camomile,25.27,65.07,976.26,825806,25,60.52,975.05,1823686,0.27,4.55,1.21,-502629,0,0,0,9
923779, pure camomile,25.71,71.98,976.31,791345,25.16,66.65,975.11,1818828,0.55,5.34,1.2,-517586,0,0,0,8
928026, pure camomile,26.01,75.88,976.18,776052,25.53,65.72,974.98,1802024,0.49,10.16,1.2,-516945,0,0,0,8
932282, pure camomile,26.03,72,976.29,794568,25.66,61.75,975.09,1794917,0.37,10.25,1.2,-504038,0,0,0,8
936578, pure camomile,25.88,71.36,976.39,796422,25.62,64.03,975.15,1800835,0.26,7.33,1.24,-506106,0,0,0,8
940885, pure camomile,25.27,68.09,976.3,828311,25.3,63.08,975.11,1822469,-0.03,5.01,1.19,-500827,0,0,0,8
945181, pure camomile,25.73,72.81,976.31,793184,25.44,68.2,975.09,1815200,0.29,4.62,1.22,-514853,0,0,0,8
949490, pure camomile,25.39,68.55,976.18,832859,25.25,63.9,975.01,1828571,0.14,4.65,1.17,-995712,0,0,0,8
953786, pure camomile,25.38,62.16,976.2,854758,25.16,57.23,975.01,1839659,0.23,4.93,1.19,-495999,0,0,0,9
958043, pure camomile,24.96,56.91,976.26,880103,24.85,53.13,975.05,1858439,0.12,3.78,1.2,-492562,0,0,0,9
962339, pure camomile,24.51,53.8,976.2,910020,24.43,50.91,975,1869893,0.09,2.89,1.19,-483281,0,0,0,9
966648, pure camomile,24.52,52.34,976.19,923563,24.35,49.83,974.99,1885386,0.16,2.51,1.2,-484112,0,0,0,9
970944, pure camomile,24.23,51.15,976.16,938158,24.17,49.22,974.97,1898494,0.06,1.93,1.2,-483121,0,0,0,9
975201, pure camomile,23.96,50.45,976.17,958577,23.95,48.88,975.02,1915809,0.01,1.57,1.15,-957232,0,0,0,9
979448, pure camomile,24.11,51.55,976.18,957905,23.93,49.19,975.01,1919850,0.18,2.36,1.17,-483848,0,0,0,9
1013649,english breakfast tea,26.16,66.49,976.29,882949,25.64,60.16,975.19,1857175,0.51,6.33,1.1,-490292,0,0,0,9
1017910,english breakfast tea,27.63,57.61,976.35,896280,26.69,53.94,975.2,1809187,0.94,3.67,1.15,-459278,0,0,0,9
1022207,english breakfast tea,28.21,51.16,976.27,901607,27.25,49.27,975.14,1768185,0.95,1.88,1.13,-436060,0,0,0,9
1026473,english breakfast tea,29.1,51.68,975.87,891598,27.83,46.85,975.19,1744463,1.27,4.83,0.68,-429044,0,0,0,9
1030720,english breakfast tea,30.12,50.49,975.96,868348,28.69,45.77,974.97,1704181,1.43,4.72,0.99,-420599,0,0,0,9
1035026,english breakfast tea,31.27,56.28,975.97,832859,29.83,48.44,974.87,1654615,1.44,7.84,1.1,-413660,0,0,0,9
1039322,english breakfast tea,32.92,48.59,976.12,821830,31.16,45.04,975.21,1596570,1.76,3.55,0.91,-389972,0,0,0,9
1043580,english breakfast tea,32.22,42.33,975.92,851559,31.13,41.28,974.81,1598439,1.09,1.06,1.11,-376010,0,0,0,9
1047827,english breakfast tea,32.12,40.01,975.85,847858,31.04,39.59,974.93,1605016,1.08,0.42,0.92,-381040,0,0,0,10
1052083,english breakfast tea,31.84,38.8,975.85,858520,31.02,38.71,974.8,1603131,0.82,0.09,1.05,-374795,0,0,0,10
1056329,english breakfast tea,31.35,38.47,975.82,872789,30.66,38.26,974.94,1622178,0.69,0.21,0.88,-377155,0,0,0,10
1060585,english breakfast tea,32.05,38.61,975.81,860685,31.06,38.06,974.81,1607851,1,0.55,1,-376011,0,0,0,10
1064882,english breakfast tea,33.27,38.35,975.89,837457,31.93,37.82,975.08,1576294,1.34,0.53,0.82,-371722,0,0,0,10
1069190,english breakfast tea,34.18,38.11,975.93,818872,32.64,37.13,975.01,1538982,1.55,0.98,0.91,-362547,0,0,0,10
1073436,english breakfast tea,35.33,43.4,976.05,794106,33.79,38.84,975.03,1469154,1.55,4.56,1.03,-340116,0,0,0,9
1077692,english breakfast tea,35.36,52.1,975.9,774291,34.31,43.28,974.87,1436689,1.05,8.83,1.03,-333928,0,0,0,9
1081989,english breakfast tea,34.64,61.04,975.86,744998,33.92,53.42,975.11,1455062,0.72,7.62,0.76,-357998,0,0,0,9
1086247,english breakfast tea,33.57,51.9,975.91,802036,32.9,46.16,974.95,1518443,0.67,5.74,0.96,-361053,0,0,0,9
1090493,english breakfast tea,34.02,51.72,975.9,794106,33.06,47.33,975.04,1515073,0.96,4.39,0.86,-363205,0,0,0,9
1094749,english breakfast tea,35.01,51.89,975.95,761338,33.56,45.43,974.96,1451967,1.45,6.46,0.99,-348039,0,0,0,9
1099046,english breakfast tea,35.75,66,975.95,698499,34.35,59.43,975.11,1442762,1.4,6.56,0.84,-375353,0,0,0,9
1103354,english breakfast tea,34.35,49.46,975.93,745812,33.45,45.71,974.93,1461292,0.9,3.75,0.99,-360889,0,0,0,9
1107600,english breakfast tea,34.24,55.1,976.07,736956,33.32,49.27,975.24,1472322,0.92,5.83,0.83,-370766,0,0,0,9
1111906,english breakfast tea,33.56,61.9,975.93,736161,32.97,55.33,974.9,1508378,0.58,6.57,1.03,-389341,0,0,0,9
1116153,english breakfast tea,32.94,65.14,976.08,733787,32.38,58.94,975.09,1533795,0.56,6.2,0.99,-403091,0,0,0,9
1120409,english breakfast tea,33.02,69.46,976,699932,32.23,64.92,974.97,1532074,0.79,4.54,1.03,-419410,0,0,0,8
1124705,english breakfast tea,33.11,74.44,975.95,679721,32.35,64.95,975.07,1527788,0.76,9.49,0.88,-427626,0,0,0,8
1129014,english breakfast tea,33.42,56.75,975.96,713092,32.55,50.26,974.8,1507545,0.87,6.5,1.16,-400640,0,0,0,9
1133260,english breakfast tea,34.77,50.74,975.91,703538,33.51,45.16,975.07,1429170,1.26,5.58,0.84,-366235,0,0,0,9
1137516,english breakfast tea,34.45,43.28,975.93,722909,33.52,40.34,974.92,1444288,0.94,2.94,1.01,-364015,0,0,0,9
1141763,english breakfast tea,33.13,39.78,975.9,763894,32.39,37.77,975.03,1515073,0.74,2.01,0.87,-378682,0,0,0,10
1146071,english breakfast tea,33.25,51.74,975.98,743376,32.43,45.61,974.9,1508378,0.83,6.13,1.08,-385528,0,0,0,9
1150317,english breakfast tea,33.5,49.64,975.99,760490,32.43,42.49,975.27,1512555,1.07,7.15,0.72,-379095,0,0,0,9
1154573,english breakfast tea,32.75,43.8,975.9,789514,31.92,39.28,974.91,1537249,0.83,4.52,0.99,-376671,0,0,0,9
1158870,english breakfast tea,32.27,40.24,975.9,804873,31.57,37.76,975.05,1550341,0.7,2.48,0.85,-375510,0,0,0,10
1163178,english breakfast tea,31.88,40.4,975.77,811571,31.18,37.55,974.89,1560084,0.69,2.85,0.88,-377071,0,0,0,10
1167424,english breakfast tea,33.54,62.47,976.05,704264,32.01,54.45,975.2,1526934,1.53,8.02,0.85,-414448,0,0,0,9
1171730,english breakfast tea,34.35,71.31,976.06,678370,32.83,61.35,974.95,1508378,1.52,9.96,1.1,-418508,0,0,0,8
1176027,english breakfast tea,32.86,54.29,975.97,745812,32.25,48.49,974.98,1521828,0.6,5.81,0.99,-391193,0,0,0,9
1180283,english breakfast tea,32.15,45.46,975.7,775170,31.55,41.93,974.92,1547704,0.6,3.54,0.79,-389340,0,0,0,9
1184579,english breakfast tea,32.12,41.41,975.72,786784,31.43,39.24,974.85,1552986,0.69,2.16,0.87,-386053,0,0,0,10
1188888,english breakfast tea,32.57,41.1,975.71,789971,31.6,38.42,974.68,1549461,0.97,2.67,1.04,-382694,0,0,0,10
1193134,english breakfast tea,32.38,38.54,975.9,801566,31.62,37.3,975.14,1551221,0.76,1.24,0.77,-377629,0,0,0,10
1197440,english breakfast tea,31.65,38.07,975.82,817402,30.97,37.01,974.77,1580857,0.69,1.06,1.06,-384431,0,0,0,10
1201737,english breakfast tea,32.5,43,975.96,796887,31.2,39.75,974.96,1569950,1.29,3.26,1.01,-389154,0,0,0,9
1206045,english breakfast tea,32.07,46.98,975.78,812537,31.23,43.57,974.71,1575385,0.84,3.41,1.07,-384051,0,0,0,9
1210291,english breakfast tea,31.83,48.69,975.96,824311,31.2,43.59,975.17,1575385,0.63,5.09,0.79,-378236,0,0,0,9
1214598,english breakfast tea,32.23,47.53,975.81,821830,31.28,42.36,974.83,1568147,0.95,5.17,0.98,-375803,0,0,0,9
1218844,english breakfast tea,32.72,42.19,975.97,819364,31.63,39.53,975.18,1553870,1.09,2.66,0.78,-369758,0,0,0,9
1223102,english breakfast tea,32.86,41.86,975.86,814962,31.85,40.07,974.83,1546828,1.01,1.79,1.02,-368370,0,0,0,10
1227399,english breakfast tea,32.95,52.24,975.95,791804,31.93,43.24,975.12,1545952,1.02,9,0.83,-379678,0,0,0,9
1231655,english breakfast tea,33.69,68.51,976.03,695652,32.42,61.99,975.08,1521828,1.27,6.52,0.95,-416217,0,0,0,8
1235902,english breakfast tea,32.71,73.84,975.85,683122,32.13,70.1,975.04,1539850,0.58,3.74,0.81,-431943,0,0,0,8
1240208,english breakfast tea,32.3,72.56,975.9,691425,31.81,69.3,974.89,1548582,0.5,3.26,1.01,-432273,0,0,0,8
1270150,green tea,27.14,52.65,976.23,882949,26.64,49.15,975.17,1785528,0.51,3.5,1.06,-454236,0,0,0,9
1274397,green tea,28.53,53.69,976.3,872789,27.38,49.06,975.1,1741126,1.14,4.63,1.2,-436930,0,0,0,9
1278704,green tea,27.51,48.29,976.22,918592,26.94,45.88,975.03,1773928,0.57,2.42,1.19,-430388,0,0,0,9
1282950,green tea,27.12,46.12,976.07,928588,26.47,44.59,974.96,1809187,0.65,1.54,1.11,-443010,0,0,0,9
1287208,green tea,28.25,48.75,976.17,898640,27.19,47.41,974.58,1773928,1.06,1.35,1.6,-440251,0,0,0,9
1291505,green tea,28.42,54.76,975.82,885239,27.48,51.35,975.12,1768185,0.94,3.4,0.69,-444153,0,0,0,9
1295811,green tea,27.74,53.69,975.7,908204,27,50.67,975,1775081,0.74,3.01,0.7,-866877,0,0,0,9
1300107,green tea,29.41,69,976.29,803925,27.92,58.36,975.01,1748932,1.49,10.64,1.28,-475562,0,0,0,8
1304416,green tea,28.47,57.54,976.2,877840,27.81,50.82,975.04,1745578,0.66,6.71,1.17,-436836,0,0,0,9
1308662,green tea,28.86,60.59,975.97,855293,28.06,52.45,974.94,1750053,0.81,8.14,1.03,-450216,0,0,0,9
1312968,green tea,28.05,52.66,976.28,899824,27.69,47.85,974.73,1756809,0.36,4.81,1.54,-431250,0,0,0,9
1317215,green tea,27.1,48.18,976.26,934307,27.07,45.39,974.88,1793738,0.03,2.79,1.38,-432581,0,0,0,9
1321471,green tea,26.3,46.55,976.09,966722,26.3,44.5,974.97,1842141,0,2.06,1.12,-440411,0,0,0,9
1325718,green tea,26.46,46.59,976.07,970846,26.22,44.52,974.68,1840899,0.24,2.07,1.39,-437718,0,0,0,9
1329976,green tea,27.69,52.14,976.15,939450,26.98,46.53,974.99,1812790,0.71,5.61,1.16,-439216,0,0,0,9
1334222,green tea,27.44,48.56,976.21,959251,26.98,45.28,974.99,1817617,0.46,3.28,1.22,-431652,0,0,0,9
1338479,green tea,27.5,51.97,976.23,961954,26.93,46.81,975.06,1822469,0.57,5.16,1.17,-432633,0,0,0,9
1342725,green tea,27.57,48.63,976.18,977799,27.05,45.26,975.06,1821254,0.52,3.36,1.12,-424127,0,0,0,9
1346983,green tea,27.56,46.33,976.15,982726,26.84,44.31,975.1,1831024,0.72,2.02,1.05,-426375,0,0,0,9
1351280,green tea,26.75,44.91,976.11,1013360,26.6,43.88,975.06,1855913,0.15,1.03,1.05,-423597,0,0,0,9
1355536,green tea,26.44,44.59,976.05,1033300,26.25,43.79,975.09,1884085,0.19,0.81,0.96,-850785,0,0,0,9
1359783,green tea,28.02,46.1,976.15,985563,26.97,44.81,975.07,1834714,1.05,1.3,1.08,-426628,0,0,0,9
1364091,green tea,28.5,45.05,976.25,998537,27.73,44.33,974.66,1805598,0.76,0.72,1.59,-405488,0,0,0,9
1368337,green tea,28.05,45.76,976.14,1011858,27.34,44.17,975.05,1822469,0.72,1.58,1.09,-407217,0,0,0,9
1372643,green tea,28.59,47.11,976.18,992008,27.65,45.4,974.66,1810387,0.93,1.7,1.52,-411110,0,0,0,9
1376890,green tea,29.04,48.08,975.78,990568,28.02,46.01,974.76,1794917,1.02,2.07,1.02,-404079,0,0,0,9
1381146,green tea,28.13,46.28,976.09,1017134,27.59,44.01,974.58,1820040,0.54,2.26,1.51,-403286,0,0,0,9
1385393,green tea,28.16,44.49,976.17,1023233,27.46,42.98,974.83,1828571,0.7,1.5,1.34,-404526,0,0,0,9
1389651,green tea,28.52,44.81,976.19,1026309,27.8,43.09,974.57,1815200,0.73,1.71,1.62,-396196,0,0,0,9
1393947,green tea,28.85,56.12,975.66,951231,28.09,51.24,975.06,1807989,0.76,4.88,0.6,-430497,0,0,0,9
1398204,green tea,29.25,60.73,976.24,918592,28.43,55.81,974.66,1783196,0.82,4.92,1.57,-864604,0,0,0,9
1402500,green tea,28.57,51.89,976.29,979904,28.07,48.77,974.89,1803214,0.5,3.13,1.41,-823309,0,0,0,9
1406759,green tea,27.64,49.93,976.17,1000733,27.43,46,974.62,1840899,0.21,3.94,1.55,-422373,0,0,0,9
1411005,green tea,27.97,54.14,976.15,988417,27.26,47.61,974.99,1840899,0.71,6.53,1.17,-428487,0,0,0,9
1415261,green tea,28.86,51.81,976.25,987702,27.91,47.17,975.08,1810387,0.95,4.64,1.17,-413363,0,0,0,9
1419558,green tea,28.03,47.69,976.2,1029404,27.71,45.28,974.85,1827348,0.32,2.41,1.35,-401042,0,0,0,9
1423816,green tea,27.26,46.99,976.21,1049987,27.2,44.18,974.86,1860972,0.06,2.81,1.36,-810985,0,0,0,9
1428112,green tea,27.66,49.03,976.25,1023233,26.88,45.13,975.09,1875029,0.78,3.9,1.16,-851796,0,0,0,9
1432369,green tea,29.49,55.5,976.39,968093,28,46.19,974.78,1815200,1.49,9.31,1.6,-425581,0,0,0,9
1436615,green tea,30.57,65.53,975.91,882378,29.43,58.9,975.03,1755679,1.14,6.64,0.88,-439043,0,0,0,9
1440922,green tea,29.46,57.91,975.89,956562,28.91,54.6,974.79,1777392,0.56,3.31,1.1,-412741,0,0,0,9
1445168,green tea,28.29,49.65,976.26,1006636,27.97,47.63,975.11,1827348,0.32,2.02,1.15,-412508,0,0,0,9
1449426,green tea,27.93,48.03,976.29,998537,27.67,46.65,974.81,1832252,0.27,1.38,1.48,-419150,0,0,0,9
1453723,green tea,29.22,61.96,975.96,901607,28.05,58.68,975.04,1822469,1.17,3.28,0.92,-462953,0,0,0,9
1457979,green tea,29.79,59.88,975.97,929220,28.76,56.57,974.99,1782032,1.03,3.31,0.99,-428828,0,0,0,9
1462275,green tea,29.89,54.11,975.98,940744,28.86,49.5,975.03,1768185,1.03,4.6,0.96,-415993,0,0,0,9
1466584,green tea,29.68,55.52,976.03,951894,28.93,50.74,974.9,1769330,0.75,4.78,1.13,-410922,0,0,0,9
1488021,darjeeling blend,27.32,61.23,976.33,999268,26.92,56.27,975.13,1886688,0.39,4.97,1.2,-446050,0,0,0,9
1492318,darjeeling blend,27.56,58.8,976.34,1018652,27.19,53.41,974.93,1880193,0.38,5.38,1.41,-433028,0,0,0,9
1496574,darjeeling blend,27.25,52.78,976.36,1049180,26.98,49.5,975.26,1884085,0.27,3.29,1.11,-834904,0,0,0,9
1500870,darjeeling blend,28.07,55.96,976.43,989133,27.09,50.25,975.01,1885386,0.98,5.71,1.42,-896252,0,0,0,9
1505179,darjeeling blend,29.16,64.75,976.31,943344,28.07,53.68,974.83,1826126,1.09,11.07,1.47,-443743,0,0,0,9
1509425,darjeeling blend,28.28,55.41,976.35,1009613,27.83,48.67,975.19,1855913,0.45,6.74,1.16,-425475,0,0,0,9
1513731,darjeeling blend,27.25,49.59,976.34,1048375,27.17,45.55,974.85,1895858,0.08,4.04,1.49,-425982,0,0,0,9
1517978,darjeeling blend,27.17,50.96,976.4,1047570,26.81,45.22,974.97,1910448,0.37,5.73,1.43,-433665,0,0,0,9
1522284,darjeeling blend,27.47,56.62,976.42,1034866,26.88,47.69,974.81,1911785,0.59,8.93,1.61,-440691,0,0,0,9
1526531,darjeeling blend,28.96,60.93,976.09,943996,27.48,52.55,975.25,1877607,1.49,8.37,0.84,-469199,0,0,0,9
1530789,darjeeling blend,29.81,76.84,976.08,829822,28.09,65.64,974.85,1843384,1.72,11.2,1.23,-509910,0,0,0,8
1535036,darjeeling blend,30.02,76.92,976.04,832859,28.46,62.2,975.02,1826126,1.56,14.72,1.02,-499893,0,0,0,8
1539342,darjeeling blend,28.34,63.93,976.39,916126,28.03,53.1,974.81,1852136,0.31,10.83,1.59,-471092,0,0,0,9
1543588,darjeeling blend,27.08,55.32,976.31,974310,27.21,47.77,975.11,1890607,-0.13,7.55,1.2,-461173,0,0,0,9
1547897,darjeeling blend,26.64,52.66,976.31,994175,26.59,46.04,974.76,1926623,0.05,6.62,1.55,-469106,0,0,0,9
1552143,darjeeling blend,26.27,50.14,976.34,1027081,26.26,45.21,975.33,1955598,0.02,4.93,1.01,-467015,0,0,0,9
1556399,darjeeling blend,25.69,48.61,976.28,1049987,25.71,44.85,975.13,1981137,-0.02,3.76,1.14,-468223,0,0,0,9
1560696,darjeeling blend,25.4,48.13,976.22,1071410,25.3,44.97,975.07,2007351,0.09,3.16,1.15,-470454,0,0,0,9
1565004,darjeeling blend,25.09,47.87,976.24,1094602,25.04,45.27,975.08,2028225,0.06,2.6,1.16,-469251,0,0,0,9
1569300,darjeeling blend,25.27,48.3,976.33,1099007,24.94,45.64,975.14,2035785,0.33,2.66,1.19,-470730,0,0,0,9
1573607,darjeeling blend,25.3,47.97,976.33,1115165,24.99,45.83,975.18,2038825,0.31,2.14,1.15,-464120,0,0,0,9
1577903,darjeeling blend,25.24,48.51,976.26,1111533,24.86,46.6,975.11,2041874,0.38,1.91,1.14,-467415,0,0,0,9
1582160,darjeeling blend,26.05,52.74,976.25,1090232,25.18,49.08,975.08,2031242,0.87,3.66,1.17,-941011,0,0,0,9
1586406,darjeeling blend,26.72,54.22,976.22,1068057,25.81,49.66,975.05,1995615,0.91,4.56,1.17,-927558,0,0,0,9
1590664,darjeeling blend,27.37,63.34,976.48,990568,26.43,59.06,975.24,1972550,0.93,4.27,1.25,-493650,0,0,0,9
1594961,darjeeling blend,27.52,71.36,976.44,937514,26.88,65,975.26,1938935,0.65,6.36,1.18,-503734,0,0,0,8
1599217,darjeeling blend,27.24,59.41,976.36,1002938,26.65,55,975.16,1961216,0.59,4.41,1.2,-482119,0,0,0,9
1603514,darjeeling blend,26.92,52.68,976.35,1033300,26.62,49.63,975.27,1958403,0.3,3.05,1.09,-465227,0,0,0,9
1607822,darjeeling blend,26.58,49.79,976.33,1054854,26.18,47.26,975.2,1982575,0.41,2.53,1.13,-927720,0,0,0,9
1612068,darjeeling blend,27.35,51.29,976.4,1032518,26.45,47.55,975.24,1965451,0.9,3.74,1.16,-468965,0,0,0,9
1616325,darjeeling blend,27.54,52.42,976.34,1037225,26.79,47.81,975.19,1941692,0.75,4.61,1.15,-454634,0,0,0,9
1620571,darjeeling blend,27.38,54.48,976.3,1053227,26.84,48.18,975.1,1944458,0.54,6.3,1.2,-448046,0,0,0,9
1624879,darjeeling blend,29.19,68.53,976.49,878970,28.01,64.47,974.81,1882786,1.18,4.06,1.69,-504967,0,0,0,8
1629126,darjeeling blend,28.85,80.71,976.55,819856,28.25,78.33,975.07,1876317,0.6,2.38,1.48,-531847,0,0,0,8
1633382,darjeeling blend,29.11,83.5,976.16,792263,28.57,76.13,975,1855913,0.55,7.37,1.16,-535769,0,0,0,8
1637629,darjeeling blend,29.09,76.2,976.08,827308,28.5,69.37,975.12,1858439,0.59,6.82,0.96,-519394,0,0,0,8
1641885,darjeeling blend,27.93,61.65,976.36,895692,27.61,56.14,974.83,1903788,0.32,5.51,1.53,-507677,0,0,0,9
1646132,darjeeling blend,27.68,55.16,976.34,923563,27.23,50.41,974.99,1917154,0.45,4.75,1.34,-500211,0,0,0,9
1650440,darjeeling blend,27.96,53.17,976.46,933668,27.38,48.15,974.89,1910448,0.57,5.02,1.57,-491711,0,0,0,9
1654686,darjeeling blend,28.01,50.63,976.47,946614,27.42,46.29,975.25,1899814,0.59,4.34,1.22,-479745,0,0,0,9
1658993,darjeeling blend,27.71,52.57,976.32,961277,27.24,45.93,974.78,1922553,0.46,6.64,1.54,-483793,0,0,0,9
1663239,darjeeling blend,27.67,52.03,976.29,967407,27.08,45.98,975.07,1938935,0.59,6.06,1.22,-488791,0,0,0,9
1667547,darjeeling blend,27.87,53.16,976.34,978500,27.13,46.21,975.24,1938935,0.74,6.95,1.1,-483056,0,0,0,9
1671794,darjeeling blend,28.28,50.32,976.4,979202,27.24,45.16,975.13,1925264,1.04,5.15,1.27,-475790,0,0,0,9
1676100,darjeeling blend,27.5,47.47,976.29,1023233,27.04,44.08,975.11,1948620,0.45,3.39,1.19,-465480,0,0,0,9
1680347,darjeeling blend,27.07,46.18,976.34,1031738,26.66,43.61,975.17,1969704,0.41,2.58,1.17,-471754,0,0,0,9
1684655,darjeeling blend,26.28,45.38,976.33,1069731,26.22,43.5,975.22,2001466,0.05,1.88,1.11,-468614,0,0,0,9
1688902,darjeeling blend,26.43,50.15,976.24,1038803,26.1,47.2,975.19,2020720,0.33,2.95,1.05,-493658,0,0,0,9
1693158,darjeeling blend,26.74,50.81,976.26,1055670,26.13,47.52,975.1,2014756,0.61,3.3,1.16,-482164,0,0,0,9
1697405,darjeeling blend,26.72,48.92,976.27,1063068,26.16,46.11,975.18,2016244,0.56,2.81,1.1,-479192,0,0,0,9
1701711,darjeeling blend,26.72,49.61,976.3,1082452,26.24,45.57,975.2,2010307,0.48,4.04,1.1,-466477,0,0,0,9
1705958,darjeeling blend,26.91,52.44,976.35,1054040,26.24,47.66,975.22,2008828,0.67,4.78,1.13,-479975,0,0,0,9
1710216,darjeeling blend,27.07,53.71,976.36,1056487,26.42,47.72,974.75,2005877,0.65,5.99,1.62,-477110,0,0,0,9
43113,decaf nutmeg and vanilla,21.1,55.37,976.21,1224148,20.74,55.07,975.14,2192720,0.35,0.3,1.08,-486116,0,0,0,9
47409,decaf nutmeg and vanilla,22.27,55.83,976.29,1196262,21.55,54.53,975.13,2147876,0.72,1.3,1.17,-477692,0,0,0,9
51716,decaf nutmeg and vanilla,22.91,56.87,976.32,1170620,22.15,54.83,975.19,2122830,0.76,2.04,1.13,-952210,0,0,0,9
55962,decaf nutmeg and vanilla,22.99,54.2,976.37,1174649,22.44,53.17,975.28,2108080,0.55,1.03,1.1,-468696,0,0,0,9
60218,decaf nutmeg and vanilla,24.2,59.91,976.51,1065557,23.23,58.43,975.31,2052618,0.97,1.48,1.2,-495838,0,0,0,9
64465,decaf nutmeg and vanilla,24.08,70.39,976.45,1018652,23.58,67.09,975.24,2037304,0.49,3.3,1.2,-512025,0,0,0,8
68772,decaf nutmeg and vanilla,24.4,63.4,976.35,1060590,23.73,59.48,975.21,2034269,0.67,3.92,1.14,-489449,0,0,0,9
73069,decaf nutmeg and vanilla,25.33,59.79,976.37,1049987,24.46,54.45,975.22,1988350,0.87,5.34,1.15,-471741,0,0,0,9
77325,decaf nutmeg and vanilla,25.43,53.62,976.42,1068894,24.75,50.54,975.27,1982575,0.68,3.08,1.14,-913682,0,0,0,9
81571,decaf nutmeg and vanilla,25.61,50.01,976.42,1066389,24.99,48.19,975.32,1961216,0.62,1.82,1.1,-894827,0,0,0,9
85880,decaf nutmeg and vanilla,26.54,51.07,976.56,1042770,25.61,48.76,975.37,1919850,0.93,2.32,1.19,-440788,0,0,0,9
90126,decaf nutmeg and vanilla,26.9,50.74,976.6,1045165,25.96,48.35,975.39,1917154,0.95,2.38,1.22,-438164,0,0,0,9
94432,decaf nutmeg and vanilla,27.72,50.6,976.53,1026309,26.48,46.19,974.96,1884085,1.24,4.41,1.57,-430980,0,0,0,9
98679,decaf nutmeg and vanilla,27.9,50.11,976.16,1027081,26.82,44.83,975.12,1872457,1.08,5.27,1.04,-424705,0,0,0,9
102987,decaf nutmeg and vanilla,28.15,54.33,976.55,1008122,27.08,45.75,974.9,1850881,1.06,8.58,1.65,-423546,0,0,0,9
107283,decaf nutmeg and vanilla,28.22,54.71,976.16,1002202,27.06,44.91,975.22,1857175,1.17,9.8,0.93,-429602,0,0,0,9
111589,decaf nutmeg and vanilla,28.66,63.96,976.46,948587,27.39,51.2,974.85,1843384,1.28,12.76,1.6,-449792,0,0,0,9
115836,decaf nutmeg and vanilla,27.8,52.82,976.06,1005153,27.17,46.26,975.23,1842141,0.62,6.56,0.83,-420856,0,0,0,9
120092,decaf nutmeg and vanilla,27.13,47.26,976.41,1031738,26.76,43.32,974.88,1873742,0.37,3.95,1.53,-423184,0,0,0,9
124339,decaf nutmeg and vanilla,26.8,44.68,976.5,1045965,26.44,42.11,975.34,1890607,0.36,2.58,1.15,-424544,0,0,0,9
128647,decaf nutmeg and vanilla,26.48,44.3,976.38,1060590,26.21,41.65,974.82,1890607,0.27,2.64,1.56,-417232,0,0,0,9
132893,decaf nutmeg and vanilla,26.3,43.29,976.37,1070570,26.1,41.52,975.34,1902462,0.2,1.77,1.03,-418102,0,0,0,9
137150,decaf nutmeg and vanilla,26.31,43.09,976.38,1076478,25.92,41.67,975.22,1914466,0.38,1.42,1.16,-421103,0,0,0,9
141396,decaf nutmeg and vanilla,26.61,45.16,976.36,1073938,26.13,42.45,975.02,1897175,0.47,2.71,1.33,-413625,0,0,0,9
145654,decaf nutmeg and vanilla,26.82,46.42,976.4,1066389,26.38,44.23,974.8,1897175,0.44,2.18,1.6,-417386,0,0,0,9
149901,decaf nutmeg and vanilla,27.56,62.08,976.58,949247,26.78,56.5,975.13,1885386,0.78,5.59,1.45,-470655,0,0,0,9
154207,decaf nutmeg and vanilla,27.42,73.86,976.54,888118,27.06,69.73,975.42,1860972,0.36,4.13,1.12,-489423,0,0,0,8
158503,decaf nutmeg and vanilla,27.81,72.71,976.51,886964,27.24,66.67,975.32,1853394,0.57,6.04,1.19,-486335,0,0,0,8
162761,decaf nutmeg and vanilla,27.93,71.1,976.07,891016,27.24,61.53,974.92,1844630,0.69,9.57,1.15,-953614,0,0,0,8
167058,decaf nutmeg and vanilla,27.53,57.68,976.55,938158,27.14,51.53,975.17,1852136,0.39,6.15,1.38,-913978,0,0,0,9
171314,decaf nutmeg and vanilla,29.53,70,976.52,827809,28.16,61.95,975.24,1793738,1.37,8.05,1.28,-486209,0,0,0,8
175561,decaf nutmeg and vanilla,28.47,75.25,976.17,834896,28.01,70.83,975.21,1816408,0.45,4.42,0.96,-494354,0,0,0,8
179867,decaf nutmeg and vanilla,28.24,61.01,976.53,877276,27.79,56.32,975.01,1813995,0.45,4.69,1.52,-471696,0,0,0,9
184113,decaf nutmeg and vanilla,28.83,53.33,976.23,885239,27.83,48.86,975.31,1805598,0.99,4.47,0.92,-463346,0,0,0,9
188371,decaf nutmeg and vanilla,29.48,56.06,976.19,852091,28.3,49.58,975.06,1775081,1.18,6.48,1.12,-464646,0,0,0,9
192618,decaf nutmeg and vanilla,29.21,69.79,976.18,833367,28.43,57.83,975.25,1779709,0.79,11.96,0.93,-476509,0,0,0,8
196924,decaf nutmeg and vanilla,28.71,68.01,976.69,849969,28.32,62.13,975.08,1779709,0.39,5.88,1.61,-468241,0,0,0,8
201170,decaf nutmeg and vanilla,28.68,62.21,976.28,868348,28.04,55.67,975.42,1786696,0.64,6.54,0.86,-462349,0,0,0,9
205478,decaf nutmeg and vanilla,28.68,56.66,976.13,889854,27.99,49.07,974.99,1791384,0.69,7.59,1.14,-453926,0,0,0,9
209725,decaf nutmeg and vanilla,28.75,55.69,976.2,896280,28.06,47.45,975.15,1785528,0.69,8.23,1.05,-447712,0,0,0,9
213981,decaf nutmeg and vanilla,28.7,49.61,976.13,912453,27.99,43.99,975,1793738,0.71,5.62,1.13,-443580,0,0,0,9
218278,decaf nutmeg and vanilla,28.63,57.02,976.69,901607,28.05,50.5,975.22,1786696,0.58,6.52,1.47,-445504,0,0,0,9
222534,decaf nutmeg and vanilla,28.36,62.88,976.63,893348,27.95,56.33,975.24,1796097,0.4,6.55,1.39,-454320,0,0,0,9
226830,decaf nutmeg and vanilla,28.5,71.16,976.18,834896,27.92,66.19,975.24,1802024,0.58,4.96,0.94,-486919,0,0,0,8
231138,decaf nutmeg and vanilla,27.99,68.19,976.61,852623,27.63,63.41,975.01,1809187,0.36,4.78,1.6,-481756,0,0,0,8
235385,decaf nutmeg and vanilla,28.64,60.58,976.27,869454,27.76,53.01,975.22,1800835,0.89,7.57,1.05,-469033,0,0,0,9
239641,decaf nutmeg and vanilla,28.91,59.34,976.18,868901,28.04,53.33,975.06,1785528,0.87,6.01,1.12,-461529,0,0,0,9
243938,decaf nutmeg and vanilla,28.05,52.14,976.62,911843,27.72,48.66,975.17,1800835,0.33,3.48,1.44,-447603,0,0,0,9
248246,decaf nutmeg and vanilla,27.59,47.11,976.02,934946,27.28,44.76,974.87,1821254,0.31,2.35,1.16,-886308,0,0,0,9
252492,decaf nutmeg and vanilla,27.53,44.68,976.46,943344,27.12,42.91,975.25,1826126,0.41,1.77,1.21,-444268,0,0,0,9
256749,decaf nutmeg and vanilla,28.06,52.61,976.58,918592,27.38,47.06,975,1821254,0.68,5.55,1.57,-454132,0,0,0,9
260995,decaf nutmeg and vanilla,28.72,59.21,976.17,898640,27.68,48.27,975.17,1815200,1.04,10.94,1,-461226,0,0,0,9
265303,decaf nutmeg and vanilla,28.25,50.46,976.11,940744,27.62,44.31,974.96,1820040,0.63,6.14,1.16,-442448,0,0,0,9
282385,earl grey,26.83,48.15,976.48,989133,26.52,45.32,975.13,1887993,0.3,2.82,1.35,-452032,0,0,0,9
286643,earl grey,27.1,54.76,976.47,960600,26.58,48.9,974.96,1868613,0.52,5.86,1.51,-456689,0,0,0,9
290889,earl grey,28.07,69.31,976.53,852091,27.4,66.81,975.15,1829797,0.67,2.5,1.39,-492026,0,0,0,8
295195,earl grey,28.73,77.79,976.16,797353,27.5,71.74,974.98,1838420,1.23,6.05,1.18,-524097,0,0,0,7
299442,earl grey,29.24,83.34,976.31,728307,27.82,77.95,975.23,1815200,1.42,5.38,1.08,-547443,0,0,0,7
303698,earl grey,29.19,85.99,976.23,703538,28.32,82.84,975.19,1783196,0.88,3.15,1.04,-544252,0,0,0,6
307995,earl grey,30.28,88.38,976.32,657464,28.99,87.24,975.38,1748932,1.29,1.14,0.94,-550440,0,0,0,6
312253,earl grey,30.81,89.19,976.91,624390,29.3,86.4,975.46,1734491,1.51,2.79,1.46,-560011,0,0,0,5
316549,earl grey,30.44,89.94,976.45,609887,29.26,86.8,975.47,1717040,1.18,3.13,0.99,-558861,0,0,0,5
320856,earl grey,29.54,88.19,976.49,615940,29.02,82.21,975.34,1725722,0.51,5.98,1.15,-560162,0,0,0,5
325102,earl grey,29.01,83.29,976.5,636025,28.65,75.57,975.66,1730095,0.36,7.71,0.83,-552333,0,0,0,6
329410,earl grey,28,67.67,976.64,690725,27.85,58.56,975.04,1765898,0.15,9.11,1.6,-542591,0,0,0,7
333657,earl grey,27.41,59.84,976.56,724443,27.15,50.92,975.12,1797280,0.26,8.92,1.44,-541151,0,0,0,7
337963,earl grey,26.86,55.97,976.54,748264,26.76,47.5,975,1809187,0.11,8.47,1.54,-535111,0,0,0,8
342260,earl grey,27.34,52.12,976.56,761338,26.75,45.65,975.21,1818828,0.6,6.47,1.34,-533220,0,0,0,8
346518,earl grey,27.93,52.18,976.63,764322,27.07,45.15,974.99,1802024,0.87,7.03,1.64,-1037702,0,0,0,8
350765,earl grey,27.37,48.1,976.52,783624,26.92,43.71,975.2,1826126,0.45,4.4,1.32,-1042502,0,0,0,8
355021,earl grey,26.39,46.08,976.55,822325,26.32,43,975.02,1854652,0.07,3.08,1.53,-520456,0,0,0,9
359318,earl grey,25.84,46.32,976.53,836430,25.8,43.39,975.48,1884085,0.04,2.93,1.05,-528102,0,0,0,9
363574,earl grey,26.32,50.89,976.53,830832,25.87,46.26,974.96,1890607,0.45,4.64,1.58,-533968,0,0,0,9
367870,earl grey,26.69,52.02,976.53,829318,25.93,46.29,975.13,1885386,0.75,5.74,1.4,-532039,0,0,0,9
372179,earl grey,29.01,66.33,976.25,717589,27.29,57.52,975.04,1816408,1.73,8.81,1.21,-553658,0,0,0,7
376425,earl grey,28.34,62.59,976.44,766898,27.45,54.87,975.57,1805598,0.89,7.72,0.87,-523588,0,0,0,8
380731,earl grey,28.58,62.34,976.23,769491,27.52,53.66,975.04,1807989,1.06,8.68,1.19,-523490,0,0,0,8
384978,earl grey,28.09,53.92,976.55,793645,27.11,47.46,975.3,1810387,0.98,6.46,1.25,-512499,0,0,0,8
389236,earl grey,31.75,77.49,976.3,619292,28.67,71.92,975.09,1756809,3.08,5.58,1.21,-573509,0,0,0,6
393532,earl grey,34.24,89.59,976.46,524187,31.16,86.71,975.47,1620253,3.08,2.88,0.99,-553387,0,0,0,4
397839,earl grey,35.36,93.01,976.57,481996,32.44,92.06,975.43,1560084,2.92,0.95,1.14,-545033,0,0,0,4
402085,earl grey,33.79,92.25,976.65,481996,31.75,91.49,975.78,1573569,2.04,0.76,0.87,-551806,0,0,0,4
406343,earl grey,32.6,92.8,976.54,483703,30.69,90.44,975.44,1615460,1.92,2.36,1.11,-572124,0,0,0,4
410590,earl grey,30.81,91.86,976.53,499634,30.01,85.73,975.55,1635783,0.8,6.13,0.98,-574402,0,0,0,4
414846,earl grey,28.95,88.06,976.46,531534,29.14,63.55,975.32,1667752,-0.19,24.51,1.14,-574490,0,0,0,5
419142,earl grey,28.22,78.18,976.76,559869,28.18,52.92,975.35,1707378,0.04,25.26,1.4,-579946,0,0,0,5
423399,earl grey,29.46,85.89,976.41,523384,28.61,67.05,975.3,1684210,0.85,18.84,1.11,-586641,0,0,0,5
427695,earl grey,29.16,86.24,976.49,529884,28.51,70.5,975.45,1692562,0.66,15.74,1.03,-587633,0,0,0,5
432004,earl grey,30.69,89.58,976.55,494925,29.16,79.86,975.3,1660653,1.52,9.71,1.25,-589225,0,0,0,4
436300,earl grey,31.33,91.68,976.72,474294,29.82,81.96,975.74,1622178,1.51,9.71,0.99,-580376,0,0,0,4
440606,earl grey,29.25,80.26,976.42,527020,28.91,63.42,975.33,1665718,0.34,16.83,1.08,-575748,0,0,0,5
444853,earl grey,28.58,69.63,976.55,565902,28.28,52.83,975.5,1692562,0.3,16.79,1.05,-569471,0,0,0,6
449111,earl grey,27.32,61.43,976.81,603418,27.37,47.22,975.17,1733390,-0.04,14.21,1.64,-570880,0,0,0,6
453408,earl grey,26.38,56.81,976.69,631319,26.58,45.09,975.33,1771626,-0.2,11.72,1.36,-576007,0,0,0,7
457664,earl grey,26.78,59.76,976.67,633076,26.48,47.26,975.22,1778550,0.3,12.5,1.46,-1145474,0,0,0,7
461911,earl grey,26.21,54.19,976.6,663857,26.19,45.5,975.49,1793738,0.03,8.69,1.11,-1129880,0,0,0,7
466169,earl grey,25.48,50.92,976.61,687248,25.7,44.54,975.52,1831024,-0.21,6.38,1.09,-577438,0,0,0,7
470415,earl grey,24.83,49.3,976.65,711605,25.04,44.24,975.48,1863512,-0.21,5.07,1.17,-581275,0,0,0,8
474721,earl grey,25.51,49.45,976.6,707182,25.22,44.45,975.01,1859705,0.29,5,1.59,-581538,0,0,0,8
478968,earl grey,25.53,48.48,976.51,719859,25.23,44.37,975.51,1868613,0.3,4.12,1,-579585,0,0,0,8
483224,earl grey,26.89,53.71,976.36,683806,25.93,47.54,975.08,1826126,0.96,6.17,1.28,-576237,0,0,0,7
487471,earl grey,27.8,71.3,976.37,623820,26.61,59.19,975.35,1802024,1.19,12.1,1.02,-594562,0,0,0,6
491729,earl grey,27.96,78.36,976.35,605022,26.98,64.62,975.12,1792560,0.98,13.75,1.24,-599449,0,0,0,6
495976,earl grey,27.96,74.52,976.82,621548,27.21,61.86,975.29,1770478,0.75,12.66,1.53,-580023,0,0,0,6
500282,earl grey,27.44,74.69,976.71,620418,26.83,63.81,975.13,1802024,0.61,10.88,1.58,-596410,0,0,0,6
504578,earl grey,27.35,68.69,976.76,645649,26.74,58,975.54,1797280,0.61,10.69,1.22,-581382,0,0,0,6
508837,earl grey,26.84,59.25,976.73,674350,26.32,50.37,975.1,1807989,0.52,8.88,1.63,-1133640,0,0,0,7
513084,earl grey,26.09,53.83,976.68,702814,25.83,46.93,975.46,1843384,0.26,6.9,1.22,-575592,0,0,0,8
517390,earl grey,26.44,52.96,976.68,709387,25.76,46.12,975.46,1853394,0.68,6.84,1.22,-577129,0,0,0,8
521636,earl grey,26.36,50.54,976.71,722909,25.94,45.27,975.46,1843384,0.42,5.26,1.25,-565339,0,0,0,8
525942,earl grey,26.62,51,976.74,716836,26.04,44.93,975.67,1850881,0.58,6.07,1.07,-571985,0,0,0,8
530189,earl grey,29.87,73.69,976.58,585310,27.85,69.34,975.51,1754551,2.02,4.35,1.07,-590097,0,0,0,6
534447,earl grey,29.15,83.89,976.5,564032,27.7,81.95,975.27,1768185,1.45,1.94,1.23,-607817,0,0,0,5
555785,sweet cherry,25.29,57.44,976.62,716836,25.3,49.79,975.58,1884085,-0.01,7.65,1.04,-588966,0,0,0,8
560082,sweet cherry,26.28,62.19,976.76,692126,25.81,50.9,975.64,1854652,0.47,11.29,1.11,-586526,0,0,0,7
564338,sweet cherry,27,73.99,976.89,643216,26.5,62.12,975.73,1824905,0.5,11.87,1.17,-1181689,0,0,0,6
568635,sweet cherry,27.67,67.82,976.84,664504,26.97,55.43,975.39,1800835,0.7,12.39,1.46,-573482,0,0,0,7
572893,sweet cherry,27.82,59.37,976.34,682439,27.39,50.79,975.32,1791384,0.44,8.58,1.02,-1108945,0,0,0,7
577189,sweet cherry,28.83,57.68,976.9,669062,27.97,48.54,975.47,1751176,0.85,9.15,1.44,-1082113,0,0,0,7
581446,sweet cherry,29.6,60.08,976.77,662569,28.4,50.01,975.32,1740017,1.2,10.07,1.44,-543833,0,0,0,7
585742,sweet cherry,30,66.76,976.75,640200,28.94,55.15,975.35,1715962,1.06,11.61,1.4,-543071,0,0,0,6
590051,sweet cherry,30.14,65.14,976.43,646261,29.22,54.2,975.12,1697824,0.92,10.94,1.31,-531022,0,0,0,7
594297,sweet cherry,30.44,69.28,976.6,628993,29.48,51.84,975.62,1679033,0.97,17.44,0.98,-530296,0,0,0,6
598554,sweet cherry,30.09,62.61,976.44,653061,29.46,47.96,975.29,1690466,0.63,14.66,1.14,-524001,0,0,0,7
602800,sweet cherry,30.25,53.93,976.48,662569,29.53,44.33,975.53,1679033,0.72,9.61,0.95,-513292,0,0,0,7
607058,sweet cherry,31.04,61.81,976.48,639600,29.97,46.89,975.29,1663688,1.07,14.92,1.19,-517180,0,0,0,7
611355,sweet cherry,31.72,70.34,976.49,610432,30.39,54,975.54,1651613,1.33,16.34,0.95,-525827,0,0,0,6
615611,sweet cherry,31.88,74.49,976.58,585310,30.67,55.49,975.56,1638728,1.21,19,1.01,-532191,0,0,0,6
619858,sweet cherry,31.41,68.59,976.55,612074,30.71,49.46,975.56,1628952,0.7,19.13,0.99,-513870,0,0,0,6
624114,sweet cherry,30.93,67.95,976.46,616496,30.33,47.56,975.33,1653613,0.61,20.38,1.14,-523981,0,0,0,6
628410,sweet cherry,30.41,56.99,976.38,647487,29.93,42.6,975.41,1662675,0.48,14.39,0.97,-512833,0,0,0,7
632719,sweet cherry,29.85,50.71,976.33,673020,29.63,40.33,975.2,1676970,0.21,10.39,1.13,-1003950,0,0,0,7
636965,sweet cherry,29.46,46.21,976.86,692126,29.33,39.01,975.6,1692562,0.13,7.21,1.27,-505172,0,0,0,8
641272,sweet cherry,29.85,48.56,976.37,692828,29.27,38.57,975.29,1698880,0.59,10,1.08,-507938,0,0,0,8
645518,sweet cherry,30.63,50.79,976.69,687248,29.62,39.85,975.64,1690466,1.01,10.95,1.04,-506424,0,0,0,7
649777,sweet cherry,30.65,47.94,976.39,690725,29.68,38.8,975.23,1682136,0.97,9.14,1.17,-500424,0,0,0,8
654023,sweet cherry,30.21,44.28,976.37,704991,29.51,37.77,975.46,1689420,0.7,6.5,0.91,-496867,0,0,0,8
658330,sweet cherry,31.35,46.39,976.44,690725,29.81,37.64,975.28,1669792,1.53,8.75,1.17,-494134,0,0,0,8
662576,sweet cherry,30.98,43.68,976.52,713092,29.9,37.14,975.61,1685250,1.08,6.54,0.91,-490691,0,0,0,8
666833,sweet cherry,30.5,40.67,976.31,722144,29.82,36.62,975.24,1692562,0.67,4.05,1.07,-489703,0,0,0,8
671079,sweet cherry,30.79,39.42,976.27,722909,29.82,36.47,975.39,1694663,0.97,2.95,0.88,-490329,0,0,0,8
675387,sweet cherry,31.37,43.44,976.31,717589,30.18,37.54,975.2,1675941,1.18,5.91,1.12,-483499,0,0,0,8
679634,sweet cherry,31.39,42.57,976.5,719859,30.27,36.63,975.48,1679033,1.12,5.95,1.02,-483864,0,0,0,8
683890,sweet cherry,31.32,52.15,976.39,715334,30.48,44.26,975.31,1671837,0.83,7.88,1.07,-482630,0,0,0,8
688187,sweet cherry,30.78,56.26,976.35,705720,30.04,47.77,975.4,1689420,0.74,8.49,0.95,-496429,0,0,0,7
692445,sweet cherry,30.73,52.84,976.35,722144,29.88,43.78,975.41,1691514,0.84,9.06,0.94,-489121,0,0,0,8
696742,sweet cherry,30.85,48.27,976.4,734577,29.9,40.05,975.48,1689420,0.96,8.22,0.91,-481648,0,0,0,8
701048,sweet cherry,30.7,42.56,976.46,744186,29.87,37.87,975.48,1698880,0.83,4.69,0.97,-481522,0,0,0,8
705295,sweet cherry,30.88,43.33,976.49,743376,30.03,37.31,975.5,1691514,0.85,6.02,0.99,-478228,0,0,0,8
709603,sweet cherry,30.05,42.25,976.31,774291,29.71,36.68,975.23,1720286,0.34,5.57,1.08,-477182,0,0,0,9
713850,sweet cherry,30.27,47.72,976.43,763467,29.46,37.95,975.4,1730095,0.81,9.77,1.03,-487562,0,0,0,8
718156,sweet cherry,30.69,48.41,976.33,768192,29.6,38.12,975.22,1721370,1.08,10.29,1.11,-480712,0,0,0,8
722403,sweet cherry,31.15,44.35,976.53,772102,29.94,37.19,975.47,1702057,1.21,7.16,1.06,-469039,0,0,0,9
726659,sweet cherry,30.4,40.58,976.33,792723,29.81,36.28,975.31,1719202,0.59,4.3,1.02,-467226,0,0,0,9
730956,sweet cherry,30.44,39.02,976.36,798285,29.73,35.89,975.46,1718121,0.71,3.12,0.9,-463771,0,0,0,9
735214,sweet cherry,30.57,38.29,976.37,799688,29.73,35.68,975.44,1721370,0.83,2.6,0.93,-464643,0,0,0,9
739461,sweet cherry,30.34,37.39,976.26,808687,29.67,35.52,975.41,1727906,0.67,1.87,0.85,-463454,0,0,0,9
743717,sweet cherry,30.44,37.25,976.21,809646,29.73,35.49,975.16,1727906,0.72,1.76,1.05,-462941,0,0,0,9
748014,sweet cherry,31.31,37.94,976.29,799688,30.06,35.58,975.37,1713808,1.25,2.36,0.92,-460714,0,0,0,9
752322,sweet cherry,31.58,37.82,976.34,795958,30.48,35.36,975.41,1697824,1.1,2.45,0.92,-454582,0,0,0,9
756569,sweet cherry,31.86,49.08,976.51,742567,30.88,43.06,975.54,1678001,0.98,6.01,0.98,-471627,0,0,0,8
760825,sweet cherry,32.06,67.57,976.43,681758,30.99,58.69,975.41,1679033,1.07,8.87,1.02,-503125,0,0,0,7
765122,sweet cherry,31.69,60.85,976.41,716836,30.9,48.22,975.59,1674913,0.79,12.63,0.82,-483364,0,0,0,7
769380,sweet cherry,31.77,59.99,976.48,713838,30.86,46.28,975.34,1672861,0.92,13.71,1.14,-483823,0,0,0,7
773627,sweet cherry,31.98,66.35,976.42,680399,31.09,52.62,975.56,1655618,0.9,13.73,0.87,-492131,0,0,0,7
777883,sweet cherry,31.4,62.89,976.44,704991,30.82,49.92,975.37,1679033,0.58,12.98,1.07,-491577,0,0,0,7
782130,sweet cherry,31.09,64.16,976.42,704991,30.59,46.82,975.51,1685250,0.49,17.33,0.91,-494702,0,0,0,7
786386,sweet cherry,32.48,76.67,976.59,611526,30.77,60.69,975.46,1668772,1.71,15.98,1.13,-533614,0,0,0,6
790682,sweet cherry,30.78,78.28,976.53,627259,30.41,61.87,975.6,1692562,0.37,16.41,0.94,-538065,0,0,0,6
794991,sweet cherry,29.95,74.21,976.5,645649,29.68,61.46,975.36,1718121,0.27,12.74,1.14,-541537,0,0,0,6
799237,sweet cherry,30.2,69.43,976.64,660645,29.55,55,975.72,1719202,0.65,14.43,0.92,-534506,0,0,0,7
803544,sweet cherry,30.98,69.13,976.57,632489,29.99,54.99,975.41,1689420,0.99,14.14,1.16,-533666,0,0,0,6
807840,sweet cherry,31.43,76.59,976.72,605022,30.37,65.09,975.85,1670814,1.06,11.5,0.87,-538260,0,0,0,6
812099,sweet cherry,30.11,65.9,976.52,658733,29.72,57.01,975.35,1706311,0.38,8.89,1.17,-529044,0,0,0,7
816395,sweet cherry,29.72,53.89,976.39,692126,29.46,46.6,975.52,1707378,0.26,7.29,0.87,-512616,0,0,0,7
820702,sweet cherry,30.17,51.18,976.53,690725,29.64,44.59,975.4,1704181,0.53,6.59,1.13,-511678,0,0,0,8
824948,sweet cherry,29.87,59.05,976.73,693532,29.6,52.17,975.92,1713808,0.27,6.88,0.81,-515021,0,0,0,7
829257,sweet cherry,29.84,63.25,976.42,693532,29.48,55.64,975.28,1708446,0.36,7.6,1.15,-512295,0,0,0,7
833553,sweet cherry,30.51,74.6,976.43,636025,29.73,64.84,975.48,1710587,0.78,9.75,0.95,-542493,0,0,0,6
837860,sweet cherry,30.36,66.85,976.31,664504,29.71,55.88,975.18,1710587,0.65,10.97,1.13,-528196,0,0,0,7
842106,sweet cherry,29.58,53.7,976.41,700650,29.24,46.2,975.6,1726813,0.34,7.5,0.82,-518000,0,0,0,8
846413,sweet cherry,30.62,48.33,976.46,697073,29.51,42.12,975.32,1711659,1.11,6.21,1.14,-511968,0,0,0,8
850659,sweet cherry,31.27,50.5,976.63,695652,30.09,43.64,975.74,1687333,1.18,6.86,0.9,-500480,0,0,0,8
854918,sweet cherry,31,54.66,976.48,700650,30.25,47.23,975.41,1680066,0.75,7.43,1.07,-494387,0,0,0,7
859164,sweet cherry,30.35,57.77,976.46,717589,29.95,51.21,975.56,1698880,0.4,6.55,0.9,-495217,0,0,0,8
863421,sweet cherry,30.53,53.38,976.5,732213,29.7,44.86,975.4,1704181,0.83,8.53,1.1,-490482,0,0,0,8
867667,sweet cherry,30.3,47.18,976.44,740152,29.68,40.93,975.57,1709516,0.62,6.25,0.87,-489060,0,0,0,8
871975,sweet cherry,31.02,50.82,976.51,733787,29.92,41,975.36,1699938,1.1,9.82,1.15,-487384,0,0,0,8
876222,sweet cherry,30.98,45.36,976.94,748264,30.09,38.79,975.51,1706311,0.89,6.57,1.43,-483254,0,0,0,8
880479,sweet cherry,30.56,42.17,976.36,771665,29.85,37.41,975.31,1711659,0.71,4.76,1.05,-474106,0,0,0,9
884725,sweet cherry,29.87,47.26,976.34,776935,29.65,42.97,975.49,1724632,0.22,4.28,0.85,-477949,0,0,0,8
889032,sweet cherry,29.55,57.61,976.35,762188,29.44,53.56,975.32,1729000,0.11,4.05,1.03,-487697,0,0,0,8
893278,sweet cherry,29.45,61.82,976.46,758800,29.22,53.72,975.55,1746695,0.22,8.09,0.92,-498250,0,0,0,8
897586,sweet cherry,29.21,60.02,976.4,777377,28.95,49.22,975.3,1755679,0.26,10.8,1.09,-493366,0,0,0,8
901833,sweet cherry,29.31,60.97,976.53,770794,29,51.23,975.56,1754551,0.31,9.74,0.98,-496093,0,0,0,8
906139,sweet cherry,29.15,59.54,976.46,783624,28.98,51.99,975.38,1753425,0.16,7.55,1.08,-489108,0,0,0,8
910436,sweet cherry,29.19,71.6,976.57,709387,28.91,66.75,975.56,1757940,0.28,4.85,1.01,-528896,0,0,0,7
914694,sweet cherry,28.92,58.56,976.41,771665,28.76,52.96,975.51,1767040,0.16,5.61,0.9,-995375,0,0,0,8
940330,garden slection (lemon),27.24,60.36,976.8,817891,26.54,50.73,975.56,1887993,0.7,9.63,1.25,-539086,0,0,0,8
944586,garden slection (lemon),29.08,61.43,976.49,797353,27.97,54.34,975.49,1818828,1.11,7.09,1,-514753,0,0,0,8
948833,garden slection (lemon),30.63,59.76,976.55,759222,29.06,55.01,975.6,1753425,1.57,4.75,0.95,-501108,0,0,0,8
953091,garden slection (lemon),31.39,76.12,976.65,661285,29.99,72.88,975.47,1721370,1.4,3.24,1.18,-534774,0,0,0,6
957338,garden slection (lemon),30.66,80.25,976.61,646873,30.11,78.68,975.72,1708446,0.55,1.57,0.89,-535925,0,0,0,6
961594,garden slection (lemon),30.65,80.27,976.55,634842,30.21,77.09,975.44,1702057,0.44,3.18,1.11,-538885,0,0,0,6
965890,garden slection (lemon),29.52,71.51,976.37,684492,29.64,66.6,975.53,1725722,-0.12,4.9,0.84,-525623,0,0,0,7
970147,garden slection (lemon),30.39,73.04,976.56,652437,29.97,68.38,975.52,1693612,0.42,4.66,1.04,-525644,0,0,0,6
974443,garden slection (lemon),30.7,77.34,976.67,626683,30.29,70.32,975.77,1678001,0.41,7.02,0.9,-530924,0,0,0,6
978752,garden slection (lemon),31.47,78.18,976.54,619855,30.7,70.82,975.44,1656623,0.76,7.36,1.1,-523571,0,0,0,6
983048,garden slection (lemon),31.41,63.46,976.63,660006,30.62,54.93,975.79,1650614,0.79,8.52,0.84,-500266,0,0,0,7
987305,garden slection (lemon),30.29,51.78,976.46,699215,29.95,45.7,975.42,1688376,0.33,6.08,1.03,-499395,0,0,0,8
991601,garden slection (lemon),29.18,46.45,976.39,732999,29.14,42.03,975.59,1730095,0.04,4.42,0.81,-503230,0,0,0,8
995910,garden slection (lemon),28.69,44.11,976.38,764322,28.62,40.85,975.34,1753425,0.08,3.26,1.03,-989103,0,0,0,8
1000206,garden slection (lemon),29.23,43.62,976.85,759222,28.62,40.91,975.74,1764757,0.61,2.71,1.11,-507204,0,0,0,8
1004463,garden slection (lemon),30.3,43.37,976.63,743376,29.4,41.05,975.4,1723543,0.91,2.32,1.23,-494424,0,0,0,8
1008759,garden slection (lemon),30.5,42.37,976.53,748264,29.59,40.24,975.63,1719202,0.91,2.13,0.9,-489700,0,0,0,8
1013073,garden slection (lemon),30.18,41.57,976.47,773852,29.59,39.61,975.32,1723543,0.6,1.96,1.15,-949691,0,0,0,9
1017319,garden slection (lemon),32.44,48.07,977,719859,30.69,42.77,975.84,1666734,1.75,5.3,1.16,-477398,0,0,0,8
1021626,garden slection (lemon),33.42,47.81,976.67,713838,31.77,42.53,975.61,1611647,1.65,5.28,1.07,-453033,0,0,0,8
1025872,garden slection (lemon),34.99,48.19,976.75,686557,33.06,42.37,975.71,1565450,1.92,5.82,1.04,-443413,0,0,0,8
1030128,garden slection (lemon),35.74,44.23,976.42,677025,34,39.89,975.42,1526080,1.73,4.34,0.99,-428483,0,0,0,8
1034424,garden slection (lemon),37.33,56.15,976.54,619855,35.05,53.58,975.75,1451967,2.28,2.56,0.79,-420194,0,0,0,7
1038732,garden slection (lemon),37.59,74.64,976.91,564966,35.56,66.51,975.6,1429170,2.03,8.13,1.31,-436806,0,0,0,5
1042979,garden slection (lemon),37.57,64.87,976.92,577389,35.59,53.26,975.82,1435179,1.98,11.61,1.1,-433622,0,0,0,6
1047235,garden slection (lemon),38.19,53.61,976.66,588844,36.07,44.15,975.64,1391304,2.12,9.47,1.02,-405892,0,0,0,6
1051532,garden slection (lemon),38.18,43.88,976.63,599707,36.6,38.84,975.82,1367613,1.59,5.04,0.8,-388509,0,0,0,7
1055840,garden slection (lemon),38.74,38.26,976.71,600234,36.99,35.24,975.56,1350033,1.75,3.02,1.15,-379367,0,0,0,7
1060086,garden slection (lemon),39.28,36.63,976.85,589352,37.31,33.22,975.83,1343391,1.97,3.41,1.02,-381405,0,0,0,7
1064392,garden slection (lemon),39.75,46.73,976.66,588844,37.58,37.16,975.75,1339438,2.16,9.56,0.92,-379588,0,0,0,7
1068639,garden slection (lemon),38.79,52.55,976.93,602353,37.48,49.57,975.96,1343391,1.31,2.98,0.97,-374901,0,0,0,7
1072897,garden slection (lemon),37.6,51.34,976.65,617053,36.32,45.17,975.7,1368984,1.28,6.17,0.95,-380157,0,0,0,7
1077193,garden slection (lemon),36.62,61.48,976.62,610978,35.63,55.62,975.93,1399863,0.99,5.86,0.69,-788885,0,0,0,6
1081500,garden slection (lemon),36.25,58.73,977.08,626108,35.22,49.26,975.71,1404182,1.03,9.47,1.37,-393270,0,0,0,7
1085746,garden slection (lemon),35.11,59.28,977,637212,34.55,50.02,975.76,1427675,0.56,9.26,1.24,-399728,0,0,0,7
1090002,garden slection (lemon),34.34,67.44,976.54,624962,33.75,57.13,975.56,1462857,0.59,10.31,0.98,-423598,0,0,0,6
1094299,garden slection (lemon),33.3,64.3,976.51,642006,32.76,53.14,975.71,1526080,0.54,11.15,0.79,-446517,0,0,0,7
1098607,garden slection (lemon),33.93,63.84,976.81,633076,32.88,52.09,975.69,1515073,1.04,11.76,1.12,-445703,0,0,0,6
1102903,garden slection (lemon),33.66,57.37,976.76,653687,32.79,50.13,975.89,1524377,0.87,7.24,0.87,-439831,0,0,0,7
1107209,garden slection (lemon),34.6,71.56,976.61,585812,33.11,67.9,975.61,1503395,1.49,3.66,1,-463575,0,0,0,6
1111506,garden slection (lemon),33.95,67.45,976.7,603952,32.99,57.12,975.7,1505052,0.96,10.33,1,-455529,0,0,0,6
1115814,garden slection (lemon),34.54,51.11,976.52,620418,33.18,44.25,975.67,1473912,1.36,6.87,0.85,-431421,0,0,0,7
1120060,garden slection (lemon),35.95,44.41,976.85,608257,34.09,39.84,975.95,1429170,1.86,4.57,0.9,-414906,0,0,0,7
1124366,garden slection (lemon),35.98,38.96,976.65,623820,34.45,36.34,975.67,1418774,1.53,2.62,0.98,-401845,0,0,0,7
1128613,garden slection (lemon),36.22,37.41,976.83,622114,34.59,34.7,975.85,1414365,1.63,2.71,0.98,-400365,0,0,0,7
1132921,garden slection (lemon),36.56,36.7,976.62,621548,34.94,34.11,975.64,1409983,1.62,2.59,0.97,-398285,0,0,0,7
1137217,garden slection (lemon),37.09,39.82,976.69,610432,35.2,35.25,975.9,1395571,1.9,4.57,0.79,-396606,0,0,0,7
1141523,garden slection (lemon),37.47,49.8,976.82,609887,35.95,40.75,975.71,1359442,1.52,9.05,1.11,-378926,0,0,0,7
1145770,garden slection (lemon),36.56,56.19,976.71,613725,35.55,48,975.97,1381450,1.01,8.19,0.75,-387937,0,0,0,7
1150026,garden slection (lemon),35.68,64.73,976.62,607715,34.92,57.54,975.67,1395571,0.76,7.19,0.94,-398291,0,0,0,6
1154323,garden slection (lemon),35.54,57.86,976.56,618731,34.6,50.91,975.8,1415831,0.94,6.95,0.76,-402862,0,0,0,7
1158581,garden slection (lemon),35.9,71.92,976.77,568258,34.91,67.34,975.88,1385656,0.98,4.58,0.9,-413369,0,0,0,6
1162828,garden slection (lemon),37.62,81.99,976.86,494925,35.7,80.93,976.09,1366244,1.91,1.06,0.77,-440735,0,0,0,4
1167134,garden slection (lemon),36.51,85.11,976.92,485423,35.42,80.2,975.95,1364878,1.09,4.91,0.97,-445129,0,0,0,4
1171430,garden slection (lemon),35.43,74.56,977.1,517433,34.72,65.99,976.11,1382849,0.71,8.58,0.99,-438176,0,0,0,5
1175688,garden slection (lemon),35.15,78.42,976.76,515480,34.18,70.93,975.72,1395571,0.97,7.49,1.04,-445530,0,0,0,5
1179985,garden slection (lemon),35.86,67.58,976.8,524187,34.5,57.22,975.93,1381450,1.36,10.36,0.87,-433888,0,0,0,5
1231140,raspberry,25.79,57.48,977,813021,24.62,53.03,975.87,1885386,1.17,4.45,1.13,-540228,0,0,0,8
1235398,raspberry,26.11,54.65,977.06,821830,25.13,51.22,975.83,1858439,0.98,3.43,1.23,-522143,0,0,0,9
1239695,raspberry,26.82,55.66,976.95,798285,25.64,51.49,975.52,1847125,1.17,4.17,1.43,-528197,0,0,0,8
1244001,raspberry,28.44,73.31,976.61,676354,26.34,67.43,975.58,1810387,2.1,5.88,1.04,-1134033,0,0,0,7
1248297,raspberry,28.51,79.94,977.09,648101,26.65,65.99,975.8,1790210,1.86,13.95,1.28,-575780,0,0,0,6
1252555,raspberry,27.59,77.45,977.14,669719,26.73,61.25,975.51,1786696,0.85,16.2,1.62,-563394,0,0,0,6
1256852,raspberry,26.74,67.04,977.16,724443,26.38,53.35,975.72,1803214,0.36,13.69,1.45,-544110,0,0,0,7
1261108,raspberry,27.23,64.6,977.2,710864,26.36,52.04,975.99,1800835,0.87,12.56,1.21,-1089971,0,0,0,7
1265404,raspberry,27.41,73.97,977.14,684492,26.56,58.65,975.63,1807989,0.86,15.32,1.51,-1123497,0,0,0,7
1269711,raspberry,27.07,64.32,976.82,725984,26.43,52.04,975.45,1803214,0.64,12.28,1.37,-543287,0,0,0,7
1273957,raspberry,27.04,58.43,977.03,760067,26.46,48.95,975.74,1804405,0.57,9.48,1.29,-526653,0,0,0,8
1278215,raspberry,27.16,54.47,976.98,771665,26.55,47.48,975.37,1798463,0.6,6.98,1.61,-517752,0,0,0,8
1282512,raspberry,27.37,64.73,977.2,736956,26.69,58.78,975.72,1809187,0.68,5.95,1.49,-540500,0,0,0,7
1286818,raspberry,27.1,57.24,977.03,780488,26.63,52.56,975.68,1807989,0.47,4.69,1.36,-1027502,0,0,0,8
1291114,raspberry,26.8,52.06,977.04,803925,26.53,48.25,975.84,1815200,0.26,3.81,1.2,-509756,0,0,0,9
1295423,raspberry,26.62,49.17,977.05,818382,26.29,45.88,975.87,1821254,0.33,3.29,1.18,-505454,0,0,0,9
1299669,raspberry,26.89,48.61,977.05,820348,26.35,45.09,975.65,1824905,0.54,3.52,1.39,-506224,0,0,0,9
1303975,raspberry,27.95,53.11,976.62,795494,26.79,47.17,975.48,1811588,1.16,5.94,1.14,-511909,0,0,0,8
1308222,raspberry,28.25,56.7,976.72,795958,27.19,48.72,975.68,1794917,1.06,7.98,1.04,-503260,0,0,0,8
1312480,raspberry,27.76,50.52,976.62,824311,27.06,45.57,975.51,1804405,0.7,4.95,1.11,-493782,0,0,0,9
1316776,raspberry,27.66,50.27,977.07,832859,26.89,45.91,975.63,1810387,0.78,4.37,1.44,-492370,0,0,0,9
1321083,raspberry,27.19,47.17,976.49,855830,26.59,44.23,975.44,1827348,0.6,2.95,1.05,-971518,0,0,0,9
1325329,raspberry,27.7,49.74,977.08,839516,26.7,44.39,975.84,1818828,1,5.35,1.24,-493219,0,0,0,9
1329636,raspberry,27.8,51.75,977.02,849440,26.76,46.06,975.87,1826126,1.04,5.7,1.14,-491895,0,0,0,9
1333882,raspberry,27.67,47.49,977.02,862861,26.9,44.06,975.66,1820040,0.76,3.42,1.36,-482007,0,0,0,9
1338140,raspberry,27.36,45.2,976.97,878404,26.7,42.86,975.45,1844630,0.66,2.34,1.52,-486507,0,0,0,9
1342437,raspberry,27.88,45.1,977.09,872789,26.75,42.35,975.68,1835948,1.13,2.76,1.4,-484848,0,0,0,9
1346693,raspberry,28.16,45.64,976.62,871675,26.9,42.04,975.7,1834714,1.26,3.6,0.92,-963040,0,0,0,9
1350989,raspberry,28.67,48.04,976.67,859060,27.12,42.5,975.67,1827348,1.54,5.55,0.99,-968287,0,0,0,9
1355298,raspberry,28.72,57.71,977.12,826306,27.4,48.19,975.45,1812790,1.32,9.51,1.67,-496598,0,0,0,9
1359544,raspberry,28.14,53.65,976.72,868901,27.23,47.13,975.84,1828571,0.91,6.52,0.88,-483155,0,0,0,9
1363801,raspberry,28.28,51.27,976.57,871675,27.25,45.27,975.42,1821254,1.03,6,1.15,-478074,0,0,0,9
1368047,raspberry,27.01,47.09,976.97,914286,26.77,43.39,975.93,1843384,0.24,3.69,1.03,-467873,0,0,0,9
1372303,raspberry,26.57,45.12,976.97,929852,26.4,42.5,975.45,1881488,0.18,2.62,1.52,-479076,0,0,0,9
1376600,raspberry,26.7,44.92,976.99,933668,26.27,42.37,975.91,1876317,0.43,2.56,1.08,-474442,0,0,0,9
1380908,raspberry,26.51,44.39,976.99,954556,26.22,42.37,975.64,1890607,0.3,2.01,1.36,-936051,0,0,0,9
1385204,raspberry,26.07,43.77,976.93,963992,25.89,42.27,975.79,1902462,0.18,1.5,1.14,-472404,0,0,0,9
1389511,raspberry,26.44,44.36,976.91,960600,25.83,42.43,975.35,1922553,0.61,1.92,1.56,-483978,0,0,0,9
1393807,raspberry,26.64,43.9,976.49,968780,26.01,42.43,975.71,1911785,0.63,1.46,0.78,-474530,0,0,0,9
1398115,raspberry,26.94,43.97,976.92,955893,26.06,42.34,975.37,1911785,0.87,1.63,1.55,-955893,0,0,0,9
1402362,raspberry,27.48,46.54,976.97,949247,26.43,42.92,975.64,1898494,1.05,3.62,1.33,-477428,0,0,0,9
1406618,raspberry,27.73,46.77,977.02,949907,26.59,42.52,975.46,1889299,1.14,4.25,1.56,-472505,0,0,0,9
1410915,raspberry,27.97,47.19,976.59,936229,26.77,42.43,975.68,1872457,1.2,4.77,0.91,-470956,0,0,0,9
1415223,raspberry,28.83,64.33,976.71,819364,27.43,54.42,975.71,1848376,1.4,9.91,1,-1029012,0,0,0,8
1419469,raspberry,28.85,64.89,977.16,828311,27.56,53.76,975.84,1848376,1.29,11.13,1.31,-513701,0,0,0,8
1423726,raspberry,28.48,59.13,976.58,860685,27.58,49.22,975.44,1837183,0.9,9.91,1.14,-491827,0,0,0,9
1427972,raspberry,27.6,51.36,976.94,907600,27.22,45.02,975.61,1853394,0.38,6.34,1.34,-476235,0,0,0,9
1432228,raspberry,27.33,47.8,977.05,925441,26.84,43.01,975.49,1885386,0.49,4.79,1.57,-483184,0,0,0,9
1436475,raspberry,27.29,45.65,977.07,935587,26.78,42.22,975.99,1889299,0.52,3.43,1.08,-479895,0,0,0,9
1440733,raspberry,27.04,44.04,977.02,951894,26.66,41.62,975.5,1894542,0.38,2.41,1.52,-474458,0,0,0,9
1445030,raspberry,27.44,43.37,976.91,945304,26.74,41.36,975.62,1882786,0.7,2.01,1.29,-471733,0,0,0,9
1449286,raspberry,28.83,47.15,976.56,919210,27.35,41.67,975.58,1854652,1.48,5.48,0.98,-935442,0,0,0,9
1479229,fresh orange,32.86,56.79,976.78,817402,31.05,48.49,975.85,1694663,1.82,8.31,0.94,-441673,0,0,0,8
1483525,fresh orange,33.81,54.22,976.82,807730,31.74,44.1,975.94,1664702,2.06,10.12,0.88,-431775,0,0,0,8
1487782,fresh orange,33.83,45.92,976.78,829318,32.3,39.13,975.7,1636763,1.53,6.8,1.08,-406927,0,0,0,9
1492028,fresh orange,33.36,39.99,976.7,840550,32.24,36.55,975.91,1635783,1.12,3.43,0.79,-400745,0,0,0,9
1496286,fresh orange,34.84,38.39,976.81,814962,32.99,35.46,975.75,1607851,1.85,2.93,1.05,-399447,0,0,0,9
1500583,fresh orange,35.86,38.15,976.8,784524,33.71,34.87,976,1567247,2.15,3.28,0.8,-394329,0,0,0,9
1504839,fresh orange,37.01,61.28,976.89,703538,34.64,43.95,975.82,1526934,2.37,17.32,1.07,-415075,0,0,0,7
1509086,fresh orange,36.4,63.89,976.86,698499,34.72,48.42,976.01,1522677,1.68,15.47,0.85,-415769,0,0,0,7
1513344,fresh orange,35.24,46.94,976.84,744998,34.13,38.87,975.82,1545952,1.1,8.06,1.02,-404091,0,0,0,8
1517590,fresh orange,35.33,40.18,976.86,747445,34.01,34.99,976.04,1554754,1.31,5.19,0.82,-407144,0,0,0,8
1521896,fresh orange,34.6,36.18,976.76,787238,33.8,33.29,975.82,1563657,0.8,2.89,0.94,-391667,0,0,0,9
1526193,fresh orange,33.34,34.76,977.08,813505,33.03,32.73,975.94,1597504,0.31,2.03,1.14,-395411,0,0,0,9
1530449,fresh orange,32.96,43.43,976.93,817891,32.52,38.94,975.93,1611647,0.44,4.49,1,-400207,0,0,0,9
1534696,fresh orange,33.85,47.28,976.79,793645,32.55,38.11,975.91,1611647,1.29,9.17,0.88,-412382,0,0,0,9
1539004,fresh orange,34.46,46.12,976.76,793645,32.97,36.55,975.75,1584526,1.49,9.58,1.01,-398741,0,0,0,9
1543250,fresh orange,34.51,38.78,976.98,807253,33.29,34.47,976.15,1578116,1.22,4.31,0.83,-388563,0,0,0,9
1547556,fresh orange,35.21,38.71,976.8,788602,33.61,34.14,975.8,1559193,1.6,4.57,0.99,-388417,0,0,0,9
1551803,fresh orange,35.82,61.48,976.95,694944,34.13,52,976.07,1544204,1.69,9.48,0.87,-428310,0,0,0,7
1556061,fresh orange,34.96,66.11,976.9,699932,33.87,57.51,975.9,1556527,1.09,8.59,1,-432261,0,0,0,7
1560308,fresh orange,35.12,50.54,976.85,724443,33.78,43.62,976.06,1553870,1.34,6.92,0.79,-418496,0,0,0,8
1564564,fresh orange,35.26,42.02,976.82,739350,33.95,37.32,975.81,1548582,1.31,4.7,1.01,-408157,0,0,0,8
1568811,fresh orange,35.28,38.09,976.77,741760,33.92,34.62,975.98,1540718,1.35,3.47,0.79,-402873,0,0,0,8
1573067,fresh orange,35.16,35.75,976.79,746628,33.92,33.27,975.81,1544204,1.23,2.48,0.98,-402204,0,0,0,8
1577363,fresh orange,34.73,34.54,976.79,775611,33.75,32.56,976.04,1556527,0.98,1.98,0.75,-780916,0,0,0,8
1581671,fresh orange,34.22,34.82,977.07,787238,33.34,32.34,975.79,1568147,0.88,2.48,1.29,-393822,0,0,0,9
1585918,fresh orange,34.34,34.87,977.06,790886,33.19,32.36,975.97,1575385,1.16,2.51,1.1,-395479,0,0,0,9
1590174,fresh orange,34.1,33.74,976.71,801095,33.05,32.12,975.8,1579942,1.05,1.62,0.92,-392626,0,0,0,9
1594471,fresh orange,33.63,33.01,976.75,814476,32.85,32.11,975.96,1582689,0.78,0.9,0.79,-387348,0,0,0,9
1598779,fresh orange,33.61,40.55,976.89,810127,32.74,36.59,975.9,1590062,0.87,3.96,0.99,-393241,0,0,0,9
1603075,fresh orange,33.62,48.19,976.94,804873,32.72,41.04,976.1,1594705,0.91,7.15,0.84,-398205,0,0,0,9
1607332,fresh orange,32.87,42.05,976.69,831338,32.1,38.17,975.71,1615460,0.77,3.89,0.98,-395232,0,0,0,9
1611578,fresh orange,32.85,40.48,976.71,832351,32.08,37.71,975.92,1627011,0.77,2.77,0.79,-400560,0,0,0,9
1615837,fresh orange,32.91,39.02,976.71,844188,32.07,36.45,975.69,1628952,0.84,2.57,1.02,-395428,0,0,0,9
1620083,fresh orange,33.09,38.52,976.75,842105,32.11,35.03,975.9,1627011,0.99,3.5,0.85,-395470,0,0,0,9
1624389,fresh orange,33.17,39.46,976.74,844188,32.22,35.42,975.76,1623142,0.95,4.04,0.98,-392445,0,0,0,9
1628686,fresh orange,32.99,36.93,977,849969,32.15,34.68,976.03,1631872,0.84,2.25,0.98,-393864,0,0,0,9
1632992,fresh orange,32.71,35.33,976.74,862316,32.07,34.18,975.99,1633825,0.64,1.15,0.75,-388622,0,0,0,9
1637239,fresh orange,32.83,38.08,976.89,859060,31.97,34.71,975.94,1641683,0.86,3.37,0.95,-394228,0,0,0,9
1641547,fresh orange,32.85,37.66,976.68,867245,31.98,34.52,975.7,1631872,0.87,3.15,0.98,-385123,0,0,0,9
1645844,fresh orange,33.71,40.25,976.92,841068,32.27,34.98,975.94,1627011,1.44,5.27,0.98,-395809,0,0,0,9
1650100,fresh orange,34.73,51.85,976.85,791345,32.89,38.79,975.97,1593774,1.84,13.06,0.88,-404185,0,0,0,8
1654347,fresh orange,33.63,45.78,976.71,833876,32.57,36.7,975.91,1613551,1.06,9.08,0.8,-392825,0,0,0,9
1658605,fresh orange,33.04,38.69,976.69,854223,32.22,34.29,975.69,1637745,0.82,4.39,1.01,-394683,0,0,0,9
1662902,fresh orange,33.47,41.63,976.79,835407,32.23,35.78,975.99,1627011,1.24,5.85,0.8,-398816,0,0,0,9
1667158,fresh orange,33.5,57.67,976.99,789971,32.35,43.57,975.96,1630898,1.16,14.11,1.03,-423787,0,0,0,8
1671454,fresh orange,32.77,46.19,976.74,837457,31.77,38.22,975.91,1655618,1,7.97,0.84,-412309,0,0,0,9
1675713,fresh orange,33.29,44.81,976.83,829822,31.91,37.09,975.68,1652612,1.37,7.73,1.15,-414545,0,0,0,9
1679959,fresh orange,32.57,40.03,976.7,855293,31.6,35.25,975.85,1658635,0.97,4.78,0.85,-404732,0,0,0,9
1684266,fresh orange,32.81,47.05,976.8,836943,31.62,38.33,975.79,1654615,1.19,8.72,1.01,-411861,0,0,0,9
1688512,fresh orange,32.88,52.86,977.03,825806,31.73,40.94,975.97,1657628,1.15,11.92,1.06,-419083,0,0,0,9
1692818,fresh orange,32.74,51.18,976.85,829822,31.75,42.59,975.81,1657628,0.99,8.59,1.03,-417157,0,0,0,9
1697065,fresh orange,32.88,51,976.99,828311,31.57,41.06,975.97,1657628,1.3,9.94,1.01,-417810,0,0,0,9